Category1Title,Category2Title,Category3Title,Category4Title,Category5Title,Period,Val
總計,工業及服務業,-,-,-,6900,8843
總計,工業部門,-,-,-,6900,8205
總計,不動產業,-,-,-,6900,17961
總計,支援服務業,-,-,-,6900,10354
總計,出版、影音製作、傳播及資通訊服務業,-,-,-,6900,13708
總計,用水供應及污染整治業,-,-,-,6900,9103
總計,住宿及餐飲業,-,-,-,6900,7358
總計,批發及零售業,-,-,-,6900,9274
總計,其他服務業,-,-,-,6900,8313
總計,服務業部門,-,-,-,6900,10174
總計,金融及保險業,-,-,-,6900,14103
總計,專業、科學及技術服務業,-,-,-,6900,10902
總計,運輸及倉儲業,-,-,-,6900,10585
總計,電力及燃氣供應業,-,-,-,6900,14944
總計,製造業,-,-,-,6900,8034
總計,營建工程業,-,-,-,6900,8309
總計,醫療保健及社會工作服務業,-,-,-,6900,12724
總計,藝術、娛樂及休閒服務業,-,-,-,6900,8219
總計,礦業及土石採取業,-,-,-,6900,11549
男,工業及服務業,-,-,-,6900,10045
男,工業部門,-,-,-,6900,9057
男,不動產業,-,-,-,6900,20534
男,支援服務業,-,-,-,6900,11596
男,出版、影音製作、傳播及資通訊服務業,-,-,-,6900,14419
男,用水供應及污染整治業,-,-,-,6900,9213
男,住宿及餐飲業,-,-,-,6900,8584
男,批發及零售業,-,-,-,6900,11679
男,其他服務業,-,-,-,6900,9558
男,服務業部門,-,-,-,6900,11912
男,金融及保險業,-,-,-,6900,16680
男,專業、科學及技術服務業,-,-,-,6900,12544
男,運輸及倉儲業,-,-,-,6900,11307
男,電力及燃氣供應業,-,-,-,6900,14936
男,製造業,-,-,-,6900,8929
男,營建工程業,-,-,-,6900,8652
男,醫療保健及社會工作服務業,-,-,-,6900,12957
男,藝術、娛樂及休閒服務業,-,-,-,6900,8174
男,礦業及土石採取業,-,-,-,6900,12699
女,工業及服務業,-,-,-,6900,7148
女,工業部門,-,-,-,6900,7096
女,不動產業,-,-,-,6900,11754
女,支援服務業,-,-,-,6900,6576
女,出版、影音製作、傳播及資通訊服務業,-,-,-,6900,12528
女,用水供應及污染整治業,-,-,-,6900,8528
女,住宿及餐飲業,-,-,-,6900,5511
女,批發及零售業,-,-,-,6900,5821
女,其他服務業,-,-,-,6900,6982
女,服務業部門,-,-,-,6900,7271
女,金融及保險業,-,-,-,6900,10792
女,專業、科學及技術服務業,-,-,-,6900,7614
女,運輸及倉儲業,-,-,-,6900,7733
女,電力及燃氣供應業,-,-,-,6900,15015
女,製造業,-,-,-,6900,7120
女,營建工程業,-,-,-,6900,6572
女,醫療保健及社會工作服務業,-,-,-,6900,12481
女,藝術、娛樂及休閒服務業,-,-,-,6900,8240
女,礦業及土石採取業,-,-,-,6900,5835
總計,工業及服務業,-,-,-,7000,10677
總計,工業部門,-,-,-,7000,9914
總計,不動產業,-,-,-,7000,18724
總計,支援服務業,-,-,-,7000,11401
總計,出版、影音製作、傳播及資通訊服務業,-,-,-,7000,15999
總計,用水供應及污染整治業,-,-,-,7000,10800
總計,住宿及餐飲業,-,-,-,7000,8501
總計,批發及零售業,-,-,-,7000,11488
總計,其他服務業,-,-,-,7000,8462
總計,服務業部門,-,-,-,7000,12186
總計,金融及保險業,-,-,-,7000,17467
總計,專業、科學及技術服務業,-,-,-,7000,12463
總計,運輸及倉儲業,-,-,-,7000,12696
總計,電力及燃氣供應業,-,-,-,7000,19157
總計,製造業,-,-,-,7000,9555
總計,營建工程業,-,-,-,7000,10764
總計,醫療保健及社會工作服務業,-,-,-,7000,14502
總計,藝術、娛樂及休閒服務業,-,-,-,7000,10033
總計,礦業及土石採取業,-,-,-,7000,14751
男,工業及服務業,-,-,-,7000,12550
男,工業部門,-,-,-,7000,11604
男,不動產業,-,-,-,7000,21313
男,支援服務業,-,-,-,7000,12953
男,出版、影音製作、傳播及資通訊服務業,-,-,-,7000,16691
男,用水供應及污染整治業,-,-,-,7000,11268
男,住宿及餐飲業,-,-,-,7000,10108
男,批發及零售業,-,-,-,7000,14359
男,其他服務業,-,-,-,7000,10166
男,服務業部門,-,-,-,7000,14340
男,金融及保險業,-,-,-,7000,20729
男,專業、科學及技術服務業,-,-,-,7000,14989
男,運輸及倉儲業,-,-,-,7000,13572
男,電力及燃氣供應業,-,-,-,7000,19463
男,製造業,-,-,-,7000,11426
男,營建工程業,-,-,-,7000,11163
男,醫療保健及社會工作服務業,-,-,-,7000,13966
男,藝術、娛樂及休閒服務業,-,-,-,7000,10495
男,礦業及土石採取業,-,-,-,7000,16200
女,工業及服務業,-,-,-,7000,8051
女,工業部門,-,-,-,7000,7629
女,不動產業,-,-,-,7000,12463
女,支援服務業,-,-,-,7000,7527
女,出版、影音製作、傳播及資通訊服務業,-,-,-,7000,14830
女,用水供應及污染整治業,-,-,-,7000,8593
女,住宿及餐飲業,-,-,-,7000,6858
女,批發及零售業,-,-,-,7000,7762
女,其他服務業,-,-,-,7000,6757
女,服務業部門,-,-,-,7000,8939
女,金融及保險業,-,-,-,7000,13433
女,專業、科學及技術服務業,-,-,-,7000,8469
女,運輸及倉儲業,-,-,-,7000,9376
女,電力及燃氣供應業,-,-,-,7000,16753
女,製造業,-,-,-,7000,7567
女,營建工程業,-,-,-,7000,8421
女,醫療保健及社會工作服務業,-,-,-,7000,15039
女,藝術、娛樂及休閒服務業,-,-,-,7000,9673
女,礦業及土石採取業,-,-,-,7000,7182
總計,工業及服務業,-,-,-,7100,11472
總計,工業部門,-,-,-,7100,10771
總計,不動產業,-,-,-,7100,20574
總計,支援服務業,-,-,-,7100,13109
總計,出版、影音製作、傳播及資通訊服務業,-,-,-,7100,16190
總計,用水供應及污染整治業,-,-,-,7100,12191
總計,住宿及餐飲業,-,-,-,7100,8730
總計,批發及零售業,-,-,-,7100,11729
總計,其他服務業,-,-,-,7100,9446
總計,服務業部門,-,-,-,7100,12803
總計,金融及保險業,-,-,-,7100,19269
總計,專業、科學及技術服務業,-,-,-,7100,13997
總計,運輸及倉儲業,-,-,-,7100,13957
總計,電力及燃氣供應業,-,-,-,7100,20612
總計,製造業,-,-,-,7100,10455
總計,營建工程業,-,-,-,7100,11415
總計,醫療保健及社會工作服務業,-,-,-,7100,13360
總計,藝術、娛樂及休閒服務業,-,-,-,7100,8943
總計,礦業及土石採取業,-,-,-,7100,15198
男,工業及服務業,-,-,-,7100,13555
男,工業部門,-,-,-,7100,12698
男,不動產業,-,-,-,7100,23796
男,支援服務業,-,-,-,7100,14844
男,出版、影音製作、傳播及資通訊服務業,-,-,-,7100,17776
男,用水供應及污染整治業,-,-,-,7100,12655
男,住宿及餐飲業,-,-,-,7100,10523
男,批發及零售業,-,-,-,7100,14457
男,其他服務業,-,-,-,7100,10758
男,服務業部門,-,-,-,7100,15125
男,金融及保險業,-,-,-,7100,22920
男,專業、科學及技術服務業,-,-,-,7100,16254
男,運輸及倉儲業,-,-,-,7100,14896
男,電力及燃氣供應業,-,-,-,7100,20873
男,製造業,-,-,-,7100,12651
男,營建工程業,-,-,-,7100,11758
男,醫療保健及社會工作服務業,-,-,-,7100,14951
男,藝術、娛樂及休閒服務業,-,-,-,7100,9644
男,礦業及土石採取業,-,-,-,7100,16677
女,工業及服務業,-,-,-,7100,8670
女,工業部門,-,-,-,7100,8252
女,不動產業,-,-,-,7100,13400
女,支援服務業,-,-,-,7100,9262
女,出版、影音製作、傳播及資通訊服務業,-,-,-,7100,13604
女,用水供應及污染整治業,-,-,-,7100,9910
女,住宿及餐飲業,-,-,-,7100,7125
女,批發及零售業,-,-,-,7100,8420
女,其他服務業,-,-,-,7100,8332
女,服務業部門,-,-,-,7100,9504
女,金融及保險業,-,-,-,7100,14932
女,專業、科學及技術服務業,-,-,-,7100,10171
女,運輸及倉儲業,-,-,-,7100,10420
女,電力及燃氣供應業,-,-,-,7100,18449
女,製造業,-,-,-,7100,8176
女,營建工程業,-,-,-,7100,9379
女,醫療保健及社會工作服務業,-,-,-,7100,11936
女,藝術、娛樂及休閒服務業,-,-,-,7100,8309
女,礦業及土石採取業,-,-,-,7100,7441
總計,工業及服務業,-,-,-,7200,12122
總計,工業部門,-,-,-,7200,11489
總計,不動產業,-,-,-,7200,21797
總計,支援服務業,-,-,-,7200,12694
總計,出版、影音製作、傳播及資通訊服務業,-,-,-,7200,16362
總計,用水供應及污染整治業,-,-,-,7200,12678
總計,住宿及餐飲業,-,-,-,7200,9494
總計,批發及零售業,-,-,-,7200,12232
總計,其他服務業,-,-,-,7200,9829
總計,服務業部門,-,-,-,7200,13330
總計,金融及保險業,-,-,-,7200,19134
總計,專業、科學及技術服務業,-,-,-,7200,15544
總計,運輸及倉儲業,-,-,-,7200,14239
總計,電力及燃氣供應業,-,-,-,7200,21678
總計,製造業,-,-,-,7200,11121
總計,營建工程業,-,-,-,7200,12718
總計,醫療保健及社會工作服務業,-,-,-,7200,14119
總計,藝術、娛樂及休閒服務業,-,-,-,7200,9871
總計,礦業及土石採取業,-,-,-,7200,14822
男,工業及服務業,-,-,-,7200,14310
男,工業部門,-,-,-,7200,13537
男,不動產業,-,-,-,7200,25459
男,支援服務業,-,-,-,7200,14260
男,出版、影音製作、傳播及資通訊服務業,-,-,-,7200,16879
男,用水供應及污染整治業,-,-,-,7200,13132
男,住宿及餐飲業,-,-,-,7200,11156
男,批發及零售業,-,-,-,7200,15033
男,其他服務業,-,-,-,7200,11131
男,服務業部門,-,-,-,7200,15741
男,金融及保險業,-,-,-,7200,22802
男,專業、科學及技術服務業,-,-,-,7200,18200
男,運輸及倉儲業,-,-,-,7200,15330
男,電力及燃氣供應業,-,-,-,7200,21943
男,製造業,-,-,-,7200,13362
男,營建工程業,-,-,-,7200,13291
男,醫療保健及社會工作服務業,-,-,-,7200,18994
男,藝術、娛樂及休閒服務業,-,-,-,7200,10830
男,礦業及土石採取業,-,-,-,7200,16008
女,工業及服務業,-,-,-,7200,9199
女,工業部門,-,-,-,7200,8823
女,不動產業,-,-,-,7200,13711
女,支援服務業,-,-,-,7200,9287
女,出版、影音製作、傳播及資通訊服務業,-,-,-,7200,15068
女,用水供應及污染整治業,-,-,-,7200,10367
女,住宿及餐飲業,-,-,-,7200,8035
女,批發及零售業,-,-,-,7200,8770
女,其他服務業,-,-,-,7200,8746
女,服務業部門,-,-,-,7200,9948
女,金融及保險業,-,-,-,7200,14996
女,專業、科學及技術服務業,-,-,-,7200,11266
女,運輸及倉儲業,-,-,-,7200,10302
女,電力及燃氣供應業,-,-,-,7200,19404
女,製造業,-,-,-,7200,8780
女,營建工程業,-,-,-,7200,9297
女,醫療保健及社會工作服務業,-,-,-,7200,11592
女,藝術、娛樂及休閒服務業,-,-,-,7200,8921
女,礦業及土石採取業,-,-,-,7200,7699
總計,工業及服務業,-,-,-,7300,13409
總計,工業部門,-,-,-,7300,12543
總計,不動產業,-,-,-,7300,22150
總計,支援服務業,-,-,-,7300,13638
總計,出版、影音製作、傳播及資通訊服務業,-,-,-,7300,18111
總計,用水供應及污染整治業,-,-,-,7300,13102
總計,住宿及餐飲業,-,-,-,7300,10632
總計,批發及零售業,-,-,-,7300,14419
總計,其他服務業,-,-,-,7300,10235
總計,服務業部門,-,-,-,7300,15116
總計,金融及保險業,-,-,-,7300,21505
總計,專業、科學及技術服務業,-,-,-,7300,17195
總計,運輸及倉儲業,-,-,-,7300,15183
總計,電力及燃氣供應業,-,-,-,7300,25503
總計,製造業,-,-,-,7300,12151
總計,營建工程業,-,-,-,7300,14122
總計,醫療保健及社會工作服務業,-,-,-,7300,16683
總計,藝術、娛樂及休閒服務業,-,-,-,7300,10277
總計,礦業及土石採取業,-,-,-,7300,15773
男,工業及服務業,-,-,-,7300,15800
男,工業部門,-,-,-,7300,14819
男,不動產業,-,-,-,7300,25919
男,支援服務業,-,-,-,7300,15243
男,出版、影音製作、傳播及資通訊服務業,-,-,-,7300,18874
男,用水供應及污染整治業,-,-,-,7300,13447
男,住宿及餐飲業,-,-,-,7300,12791
男,批發及零售業,-,-,-,7300,17425
男,其他服務業,-,-,-,7300,11950
男,服務業部門,-,-,-,7300,17696
男,金融及保險業,-,-,-,7300,25511
男,專業、科學及技術服務業,-,-,-,7300,20310
男,運輸及倉儲業,-,-,-,7300,16304
男,電力及燃氣供應業,-,-,-,7300,25889
男,製造業,-,-,-,7300,14581
男,營建工程業,-,-,-,7300,14826
男,醫療保健及社會工作服務業,-,-,-,7300,22812
男,藝術、娛樂及休閒服務業,-,-,-,7300,10959
男,礦業及土石採取業,-,-,-,7300,16787
女,工業及服務業,-,-,-,7300,10227
女,工業部門,-,-,-,7300,9563
女,不動產業,-,-,-,7300,13796
女,支援服務業,-,-,-,7300,10113
女,出版、影音製作、傳播及資通訊服務業,-,-,-,7300,16171
女,用水供應及污染整治業,-,-,-,7300,11279
女,住宿及餐飲業,-,-,-,7300,8788
女,批發及零售業,-,-,-,7300,10719
女,其他服務業,-,-,-,7300,8917
女,服務業部門,-,-,-,7300,11571
女,金融及保險業,-,-,-,7300,17363
女,專業、科學及技術服務業,-,-,-,7300,12330
女,運輸及倉儲業,-,-,-,7300,11056
女,電力及燃氣供應業,-,-,-,7300,22165
女,製造業,-,-,-,7300,9535
女,營建工程業,-,-,-,7300,9523
女,醫療保健及社會工作服務業,-,-,-,7300,13576
女,藝術、娛樂及休閒服務業,-,-,-,7300,9644
女,礦業及土石採取業,-,-,-,7300,8943
總計,工業及服務業,-,-,-,7400,13980
總計,工業部門,-,-,-,7400,13099
總計,不動產業,-,-,-,7400,23135
總計,支援服務業,-,-,-,7400,14452
總計,出版、影音製作、傳播及資通訊服務業,-,-,-,7400,20481
總計,用水供應及污染整治業,-,-,-,7400,13977
總計,住宿及餐飲業,-,-,-,7400,10619
總計,批發及零售業,-,-,-,7400,14413
總計,其他服務業,-,-,-,7400,10351
總計,服務業部門,-,-,-,7400,15716
總計,金融及保險業,-,-,-,7400,23247
總計,專業、科學及技術服務業,-,-,-,7400,17896
總計,運輸及倉儲業,-,-,-,7400,16526
總計,電力及燃氣供應業,-,-,-,7400,29007
總計,製造業,-,-,-,7400,12677
總計,營建工程業,-,-,-,7400,14763
總計,醫療保健及社會工作服務業,-,-,-,7400,17583
總計,藝術、娛樂及休閒服務業,-,-,-,7400,10076
總計,礦業及土石採取業,-,-,-,7400,16322
男,工業及服務業,-,-,-,7400,16580
男,工業部門,-,-,-,7400,15593
男,不動產業,-,-,-,7400,27683
男,支援服務業,-,-,-,7400,16276
男,出版、影音製作、傳播及資通訊服務業,-,-,-,7400,21483
男,用水供應及污染整治業,-,-,-,7400,14237
男,住宿及餐飲業,-,-,-,7400,12717
男,批發及零售業,-,-,-,7400,17614
男,其他服務業,-,-,-,7400,12185
男,服務業部門,-,-,-,7400,18519
男,金融及保險業,-,-,-,7400,27148
男,專業、科學及技術服務業,-,-,-,7400,21079
男,運輸及倉儲業,-,-,-,7400,17611
男,電力及燃氣供應業,-,-,-,7400,29739
男,製造業,-,-,-,7400,15340
男,營建工程業,-,-,-,7400,15468
男,醫療保健及社會工作服務業,-,-,-,7400,24800
男,藝術、娛樂及休閒服務業,-,-,-,7400,10941
男,礦業及土石採取業,-,-,-,7400,17525
女,工業及服務業,-,-,-,7400,10526
女,工業部門,-,-,-,7400,9795
女,不動產業,-,-,-,7400,14453
女,支援服務業,-,-,-,7400,10690
女,出版、影音製作、傳播及資通訊服務業,-,-,-,7400,17944
女,用水供應及污染整治業,-,-,-,7400,12623
女,住宿及餐飲業,-,-,-,7400,8874
女,批發及零售業,-,-,-,7400,10576
女,其他服務業,-,-,-,7400,8907
女,服務業部門,-,-,-,7400,11973
女,金融及保險業,-,-,-,7400,19341
女,專業、科學及技術服務業,-,-,-,7400,13195
女,運輸及倉儲業,-,-,-,7400,12420
女,電力及燃氣供應業,-,-,-,7400,22654
女,製造業,-,-,-,7400,9752
女,營建工程業,-,-,-,7400,10139
女,醫療保健及社會工作服務業,-,-,-,7400,13845
女,藝術、娛樂及休閒服務業,-,-,-,7400,9303
女,礦業及土石採取業,-,-,-,7400,9022
總計,工業及服務業,-,-,-,7500,15118
總計,工業部門,-,-,-,7500,14247
總計,不動產業,-,-,-,7500,22068
總計,支援服務業,-,-,-,7500,15948
總計,出版、影音製作、傳播及資通訊服務業,-,-,-,7500,23187
總計,用水供應及污染整治業,-,-,-,7500,15356
總計,住宿及餐飲業,-,-,-,7500,10525
總計,批發及零售業,-,-,-,7500,15787
總計,其他服務業,-,-,-,7500,10323
總計,服務業部門,-,-,-,7500,16871
總計,金融及保險業,-,-,-,7500,24565
總計,專業、科學及技術服務業,-,-,-,7500,18417
總計,運輸及倉儲業,-,-,-,7500,17469
總計,電力及燃氣供應業,-,-,-,7500,28998
總計,製造業,-,-,-,7500,13960
總計,營建工程業,-,-,-,7500,15037
總計,醫療保健及社會工作服務業,-,-,-,7500,19142
總計,藝術、娛樂及休閒服務業,-,-,-,7500,10869
總計,礦業及土石採取業,-,-,-,7500,17181
男,工業及服務業,-,-,-,7500,17793
男,工業部門,-,-,-,7500,16865
男,不動產業,-,-,-,7500,27103
男,支援服務業,-,-,-,7500,18002
男,出版、影音製作、傳播及資通訊服務業,-,-,-,7500,24470
男,用水供應及污染整治業,-,-,-,7500,15661
男,住宿及餐飲業,-,-,-,7500,12245
男,批發及零售業,-,-,-,7500,18844
男,其他服務業,-,-,-,7500,12181
男,服務業部門,-,-,-,7500,19682
男,金融及保險業,-,-,-,7500,28656
男,專業、科學及技術服務業,-,-,-,7500,21644
男,運輸及倉儲業,-,-,-,7500,18451
男,電力及燃氣供應業,-,-,-,7500,29523
男,製造業,-,-,-,7500,16858
男,營建工程業,-,-,-,7500,15753
男,醫療保健及社會工作服務業,-,-,-,7500,27319
男,藝術、娛樂及休閒服務業,-,-,-,7500,12006
男,礦業及土石採取業,-,-,-,7500,18468
女,工業及服務業,-,-,-,7500,11589
女,工業部門,-,-,-,7500,10758
女,不動產業,-,-,-,7500,13533
女,支援服務業,-,-,-,7500,11956
女,出版、影音製作、傳播及資通訊服務業,-,-,-,7500,19979
女,用水供應及污染整治業,-,-,-,7500,13751
女,住宿及餐飲業,-,-,-,7500,9168
女,批發及零售業,-,-,-,7500,12167
女,其他服務業,-,-,-,7500,8905
女,服務業部門,-,-,-,7500,13232
女,金融及保險業,-,-,-,7500,20632
女,專業、科學及技術服務業,-,-,-,7500,14046
女,運輸及倉儲業,-,-,-,7500,13689
女,電力及燃氣供應業,-,-,-,7500,24309
女,製造業,-,-,-,7500,10743
女,營建工程業,-,-,-,7500,10342
女,醫療保健及社會工作服務業,-,-,-,7500,15015
女,藝術、娛樂及休閒服務業,-,-,-,7500,9947
女,礦業及土石採取業,-,-,-,7500,9559
總計,工業及服務業,-,-,-,7600,16496
總計,工業部門,-,-,-,7600,15563
總計,不動產業,-,-,-,7600,23788
總計,支援服務業,-,-,-,7600,16288
總計,出版、影音製作、傳播及資通訊服務業,-,-,-,7600,24686
總計,用水供應及污染整治業,-,-,-,7600,15752
總計,住宿及餐飲業,-,-,-,7600,11151
總計,批發及零售業,-,-,-,7600,17196
總計,其他服務業,-,-,-,7600,11460
總計,服務業部門,-,-,-,7600,18338
總計,金融及保險業,-,-,-,7600,28054
總計,專業、科學及技術服務業,-,-,-,7600,20490
總計,運輸及倉儲業,-,-,-,7600,18390
總計,電力及燃氣供應業,-,-,-,7600,30242
總計,製造業,-,-,-,7600,15333
總計,營建工程業,-,-,-,7600,16045
總計,醫療保健及社會工作服務業,-,-,-,7600,20453
總計,藝術、娛樂及休閒服務業,-,-,-,7600,11854
總計,礦業及土石採取業,-,-,-,7600,17863
男,工業及服務業,-,-,-,7600,19315
男,工業部門,-,-,-,7600,18338
男,不動產業,-,-,-,7600,29127
男,支援服務業,-,-,-,7600,18225
男,出版、影音製作、傳播及資通訊服務業,-,-,-,7600,26051
男,用水供應及污染整治業,-,-,-,7600,16127
男,住宿及餐飲業,-,-,-,7600,13191
男,批發及零售業,-,-,-,7600,20351
男,其他服務業,-,-,-,7600,13921
男,服務業部門,-,-,-,7600,21316
男,金融及保險業,-,-,-,7600,32054
男,專業、科學及技術服務業,-,-,-,7600,24333
男,運輸及倉儲業,-,-,-,7600,19457
男,電力及燃氣供應業,-,-,-,7600,30676
男,製造業,-,-,-,7600,18463
男,營建工程業,-,-,-,7600,16772
男,醫療保健及社會工作服務業,-,-,-,7600,31134
男,藝術、娛樂及休閒服務業,-,-,-,7600,13238
男,礦業及土石採取業,-,-,-,7600,19021
女,工業及服務業,-,-,-,7600,12777
女,工業部門,-,-,-,7600,11798
女,不動產業,-,-,-,7600,15145
女,支援服務業,-,-,-,7600,12707
女,出版、影音製作、傳播及資通訊服務業,-,-,-,7600,21334
女,用水供應及污染整治業,-,-,-,7600,13813
女,住宿及餐飲業,-,-,-,7600,9630
女,批發及零售業,-,-,-,7600,13546
女,其他服務業,-,-,-,7600,9572
女,服務業部門,-,-,-,7600,14622
女,金融及保險業,-,-,-,7600,24514
女,專業、科學及技術服務業,-,-,-,7600,15517
女,運輸及倉儲業,-,-,-,7600,14234
女,電力及燃氣供應業,-,-,-,7600,26100
女,製造業,-,-,-,7600,11790
女,營建工程業,-,-,-,7600,11221
女,醫療保健及社會工作服務業,-,-,-,7600,15309
女,藝術、娛樂及休閒服務業,-,-,-,7600,10719
女,礦業及土石採取業,-,-,-,7600,10266
總計,工業及服務業,-,-,-,7700,18399
總計,工業部門,-,-,-,7700,17282
總計,不動產業,-,-,-,7700,25924
總計,支援服務業,-,-,-,7700,17197
總計,出版、影音製作、傳播及資通訊服務業,-,-,-,7700,27544
總計,用水供應及污染整治業,-,-,-,7700,20688
總計,住宿及餐飲業,-,-,-,7700,12142
總計,批發及零售業,-,-,-,7700,19024
總計,其他服務業,-,-,-,7700,12829
總計,服務業部門,-,-,-,7700,20441
總計,金融及保險業,-,-,-,7700,32362
總計,專業、科學及技術服務業,-,-,-,7700,22883
總計,運輸及倉儲業,-,-,-,7700,20173
總計,電力及燃氣供應業,-,-,-,7700,34495
總計,製造業,-,-,-,7700,16987
總計,營建工程業,-,-,-,7700,17879
總計,醫療保健及社會工作服務業,-,-,-,7700,22887
總計,藝術、娛樂及休閒服務業,-,-,-,7700,13207
總計,礦業及土石採取業,-,-,-,7700,19762
男,工業及服務業,-,-,-,7700,21549
男,工業部門,-,-,-,7700,20494
男,不動產業,-,-,-,7700,31420
男,支援服務業,-,-,-,7700,19032
男,出版、影音製作、傳播及資通訊服務業,-,-,-,7700,29327
男,用水供應及污染整治業,-,-,-,7700,21430
男,住宿及餐飲業,-,-,-,7700,14611
男,批發及零售業,-,-,-,7700,22278
男,其他服務業,-,-,-,7700,15845
男,服務業部門,-,-,-,7700,23577
男,金融及保險業,-,-,-,7700,37279
男,專業、科學及技術服務業,-,-,-,7700,26948
男,運輸及倉儲業,-,-,-,7700,21359
男,電力及燃氣供應業,-,-,-,7700,35063
男,製造業,-,-,-,7700,20591
男,營建工程業,-,-,-,7700,18766
男,醫療保健及社會工作服務業,-,-,-,7700,34319
男,藝術、娛樂及休閒服務業,-,-,-,7700,15089
男,礦業及土石採取業,-,-,-,7700,21021
女,工業及服務業,-,-,-,7700,14260
女,工業部門,-,-,-,7700,12884
女,不動產業,-,-,-,7700,17260
女,支援服務業,-,-,-,7700,13923
女,出版、影音製作、傳播及資通訊服務業,-,-,-,7700,23394
女,用水供應及污染整治業,-,-,-,7700,17266
女,住宿及餐飲業,-,-,-,7700,10330
女,批發及零售業,-,-,-,7700,15258
女,其他服務業,-,-,-,7700,10294
女,服務業部門,-,-,-,7700,16617
女,金融及保險業,-,-,-,7700,28478
女,專業、科學及技術服務業,-,-,-,7700,17567
女,運輸及倉儲業,-,-,-,7700,15749
女,電力及燃氣供應業,-,-,-,7700,28999
女,製造業,-,-,-,7700,12858
女,營建工程業,-,-,-,7700,12538
女,醫療保健及社會工作服務業,-,-,-,7700,17573
女,藝術、娛樂及休閒服務業,-,-,-,7700,11587
女,礦業及土石採取業,-,-,-,7700,11531
總計,工業及服務業,-,-,-,7800,21247
總計,工業部門,-,-,-,7800,19918
總計,不動產業,-,-,-,7800,30359
總計,支援服務業,-,-,-,7800,18896
總計,出版、影音製作、傳播及資通訊服務業,-,-,-,7800,32565
總計,用水供應及污染整治業,-,-,-,7800,23022
總計,住宿及餐飲業,-,-,-,7800,13491
總計,批發及零售業,-,-,-,7800,21021
總計,其他服務業,-,-,-,7800,14737
總計,服務業部門,-,-,-,7800,23440
總計,金融及保險業,-,-,-,7800,39248
總計,專業、科學及技術服務業,-,-,-,7800,26065
總計,運輸及倉儲業,-,-,-,7800,23368
總計,電力及燃氣供應業,-,-,-,7800,42612
總計,製造業,-,-,-,7800,19429
總計,營建工程業,-,-,-,7800,21433
總計,醫療保健及社會工作服務業,-,-,-,7800,25146
總計,藝術、娛樂及休閒服務業,-,-,-,7800,16154
總計,礦業及土石採取業,-,-,-,7800,21689
男,工業及服務業,-,-,-,7800,24888
男,工業部門,-,-,-,7800,23714
男,不動產業,-,-,-,7800,36782
男,支援服務業,-,-,-,7800,20856
男,出版、影音製作、傳播及資通訊服務業,-,-,-,7800,34889
男,用水供應及污染整治業,-,-,-,7800,23794
男,住宿及餐飲業,-,-,-,7800,15885
男,批發及零售業,-,-,-,7800,24820
男,其他服務業,-,-,-,7800,18652
男,服務業部門,-,-,-,7800,26966
男,金融及保險業,-,-,-,7800,45322
男,專業、科學及技術服務業,-,-,-,7800,30401
男,運輸及倉儲業,-,-,-,7800,24639
男,電力及燃氣供應業,-,-,-,7800,43267
男,製造業,-,-,-,7800,23651
男,營建工程業,-,-,-,7800,22464
男,醫療保健及社會工作服務業,-,-,-,7800,37084
男,藝術、娛樂及休閒服務業,-,-,-,7800,18525
男,礦業及土石採取業,-,-,-,7800,23192
女,工業及服務業,-,-,-,7800,16434
女,工業部門,-,-,-,7800,14581
女,不動產業,-,-,-,7800,20517
女,支援服務業,-,-,-,7800,15630
女,出版、影音製作、傳播及資通訊服務業,-,-,-,7800,27387
女,用水供應及污染整治業,-,-,-,7800,19479
女,住宿及餐飲業,-,-,-,7800,11723
女,批發及零售業,-,-,-,7800,16599
女,其他服務業,-,-,-,7800,11236
女,服務業部門,-,-,-,7800,19225
女,金融及保險業,-,-,-,7800,34867
女,專業、科學及技術服務業,-,-,-,7800,20427
女,運輸及倉儲業,-,-,-,7800,18804
女,電力及燃氣供應業,-,-,-,7800,36893
女,製造業,-,-,-,7800,14473
女,營建工程業,-,-,-,7800,15581
女,醫療保健及社會工作服務業,-,-,-,7800,19692
女,藝術、娛樂及休閒服務業,-,-,-,7800,13985
女,礦業及土石採取業,-,-,-,7800,13102
總計,工業及服務業,-,-,-,7900,24317
總計,工業部門,-,-,-,7900,22683
總計,不動產業,-,-,-,7900,33984
總計,支援服務業,-,-,-,7900,22457
總計,出版、影音製作、傳播及資通訊服務業,-,-,-,7900,36866
總計,用水供應及污染整治業,-,-,-,7900,28249
總計,住宿及餐飲業,-,-,-,7900,15448
總計,批發及零售業,-,-,-,7900,24692
總計,其他服務業,-,-,-,7900,16902
總計,服務業部門,-,-,-,7900,26760
總計,金融及保險業,-,-,-,7900,39061
總計,專業、科學及技術服務業,-,-,-,7900,31149
總計,運輸及倉儲業,-,-,-,7900,26375
總計,電力及燃氣供應業,-,-,-,7900,47466
總計,製造業,-,-,-,7900,22011
總計,營建工程業,-,-,-,7900,24719
總計,醫療保健及社會工作服務業,-,-,-,7900,29158
總計,藝術、娛樂及休閒服務業,-,-,-,7900,17888
總計,礦業及土石採取業,-,-,-,7900,26522
男,工業及服務業,-,-,-,7900,28376
男,工業部門,-,-,-,7900,26937
男,不動產業,-,-,-,7900,41196
男,支援服務業,-,-,-,7900,25273
男,出版、影音製作、傳播及資通訊服務業,-,-,-,7900,39390
男,用水供應及污染整治業,-,-,-,7900,29110
男,住宿及餐飲業,-,-,-,7900,17744
男,批發及零售業,-,-,-,7900,28748
男,其他服務業,-,-,-,7900,21424
男,服務業部門,-,-,-,7900,30764
男,金融及保險業,-,-,-,7900,47408
男,專業、科學及技術服務業,-,-,-,7900,35910
男,運輸及倉儲業,-,-,-,7900,28014
男,電力及燃氣供應業,-,-,-,7900,48343
男,製造業,-,-,-,7900,26736
男,營建工程業,-,-,-,7900,25906
男,醫療保健及社會工作服務業,-,-,-,7900,40871
男,藝術、娛樂及休閒服務業,-,-,-,7900,21301
男,礦業及土石採取業,-,-,-,7900,28741
女,工業及服務業,-,-,-,7900,18923
女,工業部門,-,-,-,7900,16457
女,不動產業,-,-,-,7900,23455
女,支援服務業,-,-,-,7900,18062
女,出版、影音製作、傳播及資通訊服務業,-,-,-,7900,31586
女,用水供應及污染整治業,-,-,-,7900,24356
女,住宿及餐飲業,-,-,-,7900,13748
女,批發及零售業,-,-,-,7900,20039
女,其他服務業,-,-,-,7900,12627
女,服務業部門,-,-,-,7900,22144
女,金融及保險業,-,-,-,7900,33595
女,專業、科學及技術服務業,-,-,-,7900,25058
女,運輸及倉儲業,-,-,-,7900,20769
女,電力及燃氣供應業,-,-,-,7900,40429
女,製造業,-,-,-,7900,16261
女,營建工程業,-,-,-,7900,18424
女,醫療保健及社會工作服務業,-,-,-,7900,24152
女,藝術、娛樂及休閒服務業,-,-,-,7900,14962
女,礦業及土石採取業,-,-,-,7900,15240
總計,工業及服務業,-,-,-,8000,26881
總計,工業部門,-,-,-,8000,25359
總計,不動產業,-,-,-,8000,39214
總計,支援服務業,-,-,-,8000,23702
總計,出版、影音製作、傳播及資通訊服務業,-,-,-,8000,41579
總計,用水供應及污染整治業,-,-,-,8000,29915
總計,住宿及餐飲業,-,-,-,8000,17049
總計,批發及零售業,-,-,-,8000,26435
總計,其他服務業,-,-,-,8000,18631
總計,服務業部門,-,-,-,8000,29052
總計,金融及保險業,-,-,-,8000,41031
總計,專業、科學及技術服務業,-,-,-,8000,33695
總計,運輸及倉儲業,-,-,-,8000,29897
總計,電力及燃氣供應業,-,-,-,8000,58395
總計,製造業,-,-,-,8000,24426
總計,營建工程業,-,-,-,8000,28193
總計,醫療保健及社會工作服務業,-,-,-,8000,32366
總計,藝術、娛樂及休閒服務業,-,-,-,8000,18235
總計,礦業及土石採取業,-,-,-,8000,28671
男,工業及服務業,-,-,-,8000,31444
男,工業部門,-,-,-,8000,30122
男,不動產業,-,-,-,8000,48588
男,支援服務業,-,-,-,8000,26207
男,出版、影音製作、傳播及資通訊服務業,-,-,-,8000,45110
男,用水供應及污染整治業,-,-,-,8000,30668
男,住宿及餐飲業,-,-,-,8000,19767
男,批發及零售業,-,-,-,8000,30621
男,其他服務業,-,-,-,8000,23609
男,服務業部門,-,-,-,8000,33571
男,金融及保險業,-,-,-,8000,50665
男,專業、科學及技術服務業,-,-,-,8000,38235
男,運輸及倉儲業,-,-,-,8000,31689
男,電力及燃氣供應業,-,-,-,8000,59411
男,製造業,-,-,-,8000,29690
男,營建工程業,-,-,-,8000,29513
男,醫療保健及社會工作服務業,-,-,-,8000,44518
男,藝術、娛樂及休閒服務業,-,-,-,8000,23411
男,礦業及土石採取業,-,-,-,8000,31208
女,工業及服務業,-,-,-,8000,20811
女,工業部門,-,-,-,8000,18250
女,不動產業,-,-,-,8000,25235
女,支援服務業,-,-,-,8000,19818
女,出版、影音製作、傳播及資通訊服務業,-,-,-,8000,34586
女,用水供應及污染整治業,-,-,-,8000,26441
女,住宿及餐飲業,-,-,-,8000,15044
女,批發及零售業,-,-,-,8000,21801
女,其他服務業,-,-,-,8000,13856
女,服務業部門,-,-,-,8000,23936
女,金融及保險業,-,-,-,8000,34583
女,專業、科學及技術服務業,-,-,-,8000,27944
女,運輸及倉儲業,-,-,-,8000,23805
女,電力及燃氣供應業,-,-,-,8000,50401
女,製造業,-,-,-,8000,17946
女,營建工程業,-,-,-,8000,21284
女,醫療保健及社會工作服務業,-,-,-,8000,27106
女,藝術、娛樂及休閒服務業,-,-,-,8000,14239
女,礦業及土石採取業,-,-,-,8000,17182
總計,工業及服務業,-,-,-,8100,29449
總計,工業部門,-,-,-,8100,27934
總計,不動產業,-,-,-,8100,39911
總計,支援服務業,-,-,-,8100,25708
總計,出版、影音製作、傳播及資通訊服務業,-,-,-,8100,44518
總計,用水供應及污染整治業,-,-,-,8100,31017
總計,住宿及餐飲業,-,-,-,8100,18209
總計,批發及零售業,-,-,-,8100,28152
總計,其他服務業,-,-,-,8100,21485
總計,服務業部門,-,-,-,8100,31471
總計,金融及保險業,-,-,-,8100,46380
總計,專業、科學及技術服務業,-,-,-,8100,37883
總計,運輸及倉儲業,-,-,-,8100,32271
總計,電力及燃氣供應業,-,-,-,8100,60937
總計,製造業,-,-,-,8100,26938
總計,營建工程業,-,-,-,8100,30825
總計,醫療保健及社會工作服務業,-,-,-,8100,35670
總計,藝術、娛樂及休閒服務業,-,-,-,8100,20463
總計,礦業及土石採取業,-,-,-,8100,31937
男,工業及服務業,-,-,-,8100,34388
男,工業部門,-,-,-,8100,33108
男,不動產業,-,-,-,8100,47445
男,支援服務業,-,-,-,8100,28487
男,出版、影音製作、傳播及資通訊服務業,-,-,-,8100,48559
男,用水供應及污染整治業,-,-,-,8100,31309
男,住宿及餐飲業,-,-,-,8100,21277
男,批發及零售業,-,-,-,8100,32929
男,其他服務業,-,-,-,8100,27431
男,服務業部門,-,-,-,8100,36366
男,金融及保險業,-,-,-,8100,55465
男,專業、科學及技術服務業,-,-,-,8100,42659
男,運輸及倉儲業,-,-,-,8100,34436
男,電力及燃氣供應業,-,-,-,8100,61710
男,製造業,-,-,-,8100,32808
男,營建工程業,-,-,-,8100,32233
男,醫療保健及社會工作服務業,-,-,-,8100,50173
男,藝術、娛樂及休閒服務業,-,-,-,8100,25416
男,礦業及土石採取業,-,-,-,8100,35296
女,工業及服務業,-,-,-,8100,22816
女,工業部門,-,-,-,8100,19889
女,不動產業,-,-,-,8100,28211
女,支援服務業,-,-,-,8100,21243
女,出版、影音製作、傳播及資通訊服務業,-,-,-,8100,37159
女,用水供應及污染整治業,-,-,-,8100,29583
女,住宿及餐飲業,-,-,-,8100,16027
女,批發及零售業,-,-,-,8100,22987
女,其他服務業,-,-,-,8100,15872
女,服務業部門,-,-,-,8100,26042
女,金融及保險業,-,-,-,8100,40237
女,專業、科學及技術服務業,-,-,-,8100,31854
女,運輸及倉儲業,-,-,-,8100,25264
女,電力及燃氣供應業,-,-,-,8100,54847
女,製造業,-,-,-,8100,19511
女,營建工程業,-,-,-,8100,23439
女,醫療保健及社會工作服務業,-,-,-,8100,29650
女,藝術、娛樂及休閒服務業,-,-,-,8100,16473
女,礦業及土石採取業,-,-,-,8100,18169
總計,工業及服務業,-,-,-,8200,31708
總計,工業部門,-,-,-,8200,30039
總計,不動產業,-,-,-,8200,42402
總計,支援服務業,-,-,-,8200,27785
總計,出版、影音製作、傳播及資通訊服務業,-,-,-,8200,48781
總計,用水供應及污染整治業,-,-,-,8200,33927
總計,住宿及餐飲業,-,-,-,8200,18950
總計,批發及零售業,-,-,-,8200,30548
總計,其他服務業,-,-,-,8200,22150
總計,服務業部門,-,-,-,8200,33799
總計,金融及保險業,-,-,-,8200,50035
總計,專業、科學及技術服務業,-,-,-,8200,40699
總計,運輸及倉儲業,-,-,-,8200,34767
總計,電力及燃氣供應業,-,-,-,8200,64897
總計,製造業,-,-,-,8200,28822
總計,營建工程業,-,-,-,8200,33638
總計,醫療保健及社會工作服務業,-,-,-,8200,37176
總計,藝術、娛樂及休閒服務業,-,-,-,8200,21124
總計,礦業及土石採取業,-,-,-,8200,32875
男,工業及服務業,-,-,-,8200,36911
男,工業部門,-,-,-,8200,35442
男,不動產業,-,-,-,8200,50085
男,支援服務業,-,-,-,8200,31149
男,出版、影音製作、傳播及資通訊服務業,-,-,-,8200,52797
男,用水供應及污染整治業,-,-,-,8200,34480
男,住宿及餐飲業,-,-,-,8200,21907
男,批發及零售業,-,-,-,8200,35695
男,其他服務業,-,-,-,8200,28229
男,服務業部門,-,-,-,8200,39081
男,金融及保險業,-,-,-,8200,58915
男,專業、科學及技術服務業,-,-,-,8200,45469
男,運輸及倉儲業,-,-,-,8200,37287
男,電力及燃氣供應業,-,-,-,8200,65836
男,製造業,-,-,-,8200,34872
男,營建工程業,-,-,-,8200,35406
男,醫療保健及社會工作服務業,-,-,-,8200,52190
男,藝術、娛樂及休閒服務業,-,-,-,8200,25949
男,礦業及土石採取業,-,-,-,8200,36251
女,工業及服務業,-,-,-,8200,24670
女,工業部門,-,-,-,8200,21347
女,不動產業,-,-,-,8200,30516
女,支援服務業,-,-,-,8200,22584
女,出版、影音製作、傳播及資通訊服務業,-,-,-,8200,41561
女,用水供應及污染整治業,-,-,-,8200,31301
女,住宿及餐飲業,-,-,-,8200,16973
女,批發及零售業,-,-,-,8200,24988
女,其他服務業,-,-,-,8200,16748
女,服務業部門,-,-,-,8200,28012
女,金融及保險業,-,-,-,8200,43865
女,專業、科學及技術服務業,-,-,-,8200,34707
女,運輸及倉儲業,-,-,-,8200,26965
女,電力及燃氣供應業,-,-,-,8200,57437
女,製造業,-,-,-,8200,20929
女,營建工程業,-,-,-,8200,24816
女,醫療保健及社會工作服務業,-,-,-,8200,31152
女,藝術、娛樂及休閒服務業,-,-,-,8200,17361
女,礦業及土石採取業,-,-,-,8200,19877
總計,工業及服務業,-,-,-,8300,33661
總計,工業部門,-,-,-,8300,31829
總計,不動產業,-,-,-,8300,42056
總計,支援服務業,-,-,-,8300,29018
總計,出版、影音製作、傳播及資通訊服務業,-,-,-,8300,52229
總計,用水供應及污染整治業,-,-,-,8300,38065
總計,住宿及餐飲業,-,-,-,8300,20373
總計,批發及零售業,-,-,-,8300,32089
總計,其他服務業,-,-,-,8300,23205
總計,服務業部門,-,-,-,8300,35860
總計,金融及保險業,-,-,-,8300,56462
總計,專業、科學及技術服務業,-,-,-,8300,40700
總計,運輸及倉儲業,-,-,-,8300,36711
總計,電力及燃氣供應業,-,-,-,8300,69330
總計,製造業,-,-,-,8300,30748
總計,營建工程業,-,-,-,8300,34379
總計,醫療保健及社會工作服務業,-,-,-,8300,39633
總計,藝術、娛樂及休閒服務業,-,-,-,8300,22133
總計,礦業及土石採取業,-,-,-,8300,33887
男,工業及服務業,-,-,-,8300,38918
男,工業部門,-,-,-,8300,37248
男,不動產業,-,-,-,8300,48999
男,支援服務業,-,-,-,8300,32744
男,出版、影音製作、傳播及資通訊服務業,-,-,-,8300,56447
男,用水供應及污染整治業,-,-,-,8300,38678
男,住宿及餐飲業,-,-,-,8300,23128
男,批發及零售業,-,-,-,8300,37816
男,其他服務業,-,-,-,8300,29322
男,服務業部門,-,-,-,8300,41332
男,金融及保險業,-,-,-,8300,65228
男,專業、科學及技術服務業,-,-,-,8300,45342
男,運輸及倉儲業,-,-,-,8300,39316
男,電力及燃氣供應業,-,-,-,8300,70703
男,製造業,-,-,-,8300,36959
男,營建工程業,-,-,-,8300,36128
男,醫療保健及社會工作服務業,-,-,-,8300,56519
男,藝術、娛樂及休閒服務業,-,-,-,8300,27206
男,礦業及土石採取業,-,-,-,8300,37438
女,工業及服務業,-,-,-,8300,26529
女,工業部門,-,-,-,8300,22842
女,不動產業,-,-,-,8300,31586
女,支援服務業,-,-,-,8300,23665
女,出版、影音製作、傳播及資通訊服務業,-,-,-,8300,44601
女,用水供應及污染整治業,-,-,-,8300,35257
女,住宿及餐飲業,-,-,-,8300,18533
女,批發及零售業,-,-,-,8300,25958
女,其他服務業,-,-,-,8300,17899
女,服務業部門,-,-,-,8300,29982
女,金融及保險業,-,-,-,8300,50403
女,專業、科學及技術服務業,-,-,-,8300,35037
女,運輸及倉儲業,-,-,-,8300,28829
女,電力及燃氣供應業,-,-,-,8300,58674
女,製造業,-,-,-,8300,22437
女,營建工程業,-,-,-,8300,25745
女,醫療保健及社會工作服務業,-,-,-,8300,33557
女,藝術、娛樂及休閒服務業,-,-,-,8300,18238
女,礦業及土石採取業,-,-,-,8300,20375
總計,工業及服務業,-,-,-,8400,35389
總計,工業部門,-,-,-,8400,33435
總計,不動產業,-,-,-,8400,40614
總計,支援服務業,-,-,-,8400,32927
總計,出版、影音製作、傳播及資通訊服務業,-,-,-,8400,54649
總計,用水供應及污染整治業,-,-,-,8400,39072
總計,住宿及餐飲業,-,-,-,8400,22316
總計,批發及零售業,-,-,-,8400,34150
總計,其他服務業,-,-,-,8400,25077
總計,服務業部門,-,-,-,8400,37509
總計,金融及保險業,-,-,-,8400,54658
總計,專業、科學及技術服務業,-,-,-,8400,42718
總計,運輸及倉儲業,-,-,-,8400,39258
總計,電力及燃氣供應業,-,-,-,8400,71940
總計,製造業,-,-,-,8400,32489
總計,營建工程業,-,-,-,8400,35278
總計,醫療保健及社會工作服務業,-,-,-,8400,41623
總計,藝術、娛樂及休閒服務業,-,-,-,8400,22116
總計,礦業及土石採取業,-,-,-,8400,35633
男,工業及服務業,-,-,-,8400,40571
男,工業部門,-,-,-,8400,38874
男,不動產業,-,-,-,8400,45699
男,支援服務業,-,-,-,8400,36041
男,出版、影音製作、傳播及資通訊服務業,-,-,-,8400,59240
男,用水供應及污染整治業,-,-,-,8400,39762
男,住宿及餐飲業,-,-,-,8400,24915
男,批發及零售業,-,-,-,8400,39666
男,其他服務業,-,-,-,8400,30818
男,服務業部門,-,-,-,8400,42807
男,金融及保險業,-,-,-,8400,62725
男,專業、科學及技術服務業,-,-,-,8400,47004
男,運輸及倉儲業,-,-,-,8400,41911
男,電力及燃氣供應業,-,-,-,8400,73774
男,製造業,-,-,-,8400,38830
男,營建工程業,-,-,-,8400,36925
男,醫療保健及社會工作服務業,-,-,-,8400,60275
男,藝術、娛樂及休閒服務業,-,-,-,8400,27734
男,礦業及土石採取業,-,-,-,8400,39390
女,工業及服務業,-,-,-,8400,28395
女,工業部門,-,-,-,8400,24265
女,不動產業,-,-,-,8400,32815
女,支援服務業,-,-,-,8400,28760
女,出版、影音製作、傳播及資通訊服務業,-,-,-,8400,46735
女,用水供應及污染整治業,-,-,-,8400,36011
女,住宿及餐飲業,-,-,-,8400,20530
女,批發及零售業,-,-,-,8400,28173
女,其他服務業,-,-,-,8400,20226
女,服務業部門,-,-,-,8400,31846
女,金融及保險業,-,-,-,8400,49130
女,專業、科學及技術服務業,-,-,-,8400,37623
女,運輸及倉儲業,-,-,-,8400,31316
女,電力及燃氣供應業,-,-,-,8400,58075
女,製造業,-,-,-,8400,23855
女,營建工程業,-,-,-,8400,27154
女,醫療保健及社會工作服務業,-,-,-,8400,35621
女,藝術、娛樂及休閒服務業,-,-,-,8400,17742
女,礦業及土石採取業,-,-,-,8400,21408
總計,工業及服務業,-,-,-,8500,36699
總計,工業部門,-,-,-,8500,34692
總計,不動產業,-,-,-,8500,40445
總計,支援服務業,-,-,-,8500,33649
總計,出版、影音製作、傳播及資通訊服務業,-,-,-,8500,55873
總計,用水供應及污染整治業,-,-,-,8500,39304
總計,住宿及餐飲業,-,-,-,8500,22198
總計,批發及零售業,-,-,-,8500,34904
總計,其他服務業,-,-,-,8500,25846
總計,服務業部門,-,-,-,8500,38811
總計,金融及保險業,-,-,-,8500,56886
總計,專業、科學及技術服務業,-,-,-,8500,43217
總計,運輸及倉儲業,-,-,-,8500,40983
總計,電力及燃氣供應業,-,-,-,8500,79953
總計,製造業,-,-,-,8500,33833
總計,營建工程業,-,-,-,8500,35817
總計,醫療保健及社會工作服務業,-,-,-,8500,44797
總計,藝術、娛樂及休閒服務業,-,-,-,8500,23532
總計,礦業及土石採取業,-,-,-,8500,37354
男,工業及服務業,-,-,-,8500,41892
男,工業部門,-,-,-,8500,40162
男,不動產業,-,-,-,8500,44903
男,支援服務業,-,-,-,8500,35806
男,出版、影音製作、傳播及資通訊服務業,-,-,-,8500,60202
男,用水供應及污染整治業,-,-,-,8500,39602
男,住宿及餐飲業,-,-,-,8500,24691
男,批發及零售業,-,-,-,8500,40439
男,其他服務業,-,-,-,8500,32594
男,服務業部門,-,-,-,8500,44130
男,金融及保險業,-,-,-,8500,66316
男,專業、科學及技術服務業,-,-,-,8500,46972
男,運輸及倉儲業,-,-,-,8500,43431
男,電力及燃氣供應業,-,-,-,8500,82127
男,製造業,-,-,-,8500,40245
男,營建工程業,-,-,-,8500,37281
男,醫療保健及社會工作服務業,-,-,-,8500,65642
男,藝術、娛樂及休閒服務業,-,-,-,8500,29651
男,礦業及土石採取業,-,-,-,8500,41246
女,工業及服務業,-,-,-,8500,29745
女,工業部門,-,-,-,8500,25384
女,不動產業,-,-,-,8500,33945
女,支援服務業,-,-,-,8500,30743
女,出版、影音製作、傳播及資通訊服務業,-,-,-,8500,48546
女,用水供應及污染整治業,-,-,-,8500,37956
女,住宿及餐飲業,-,-,-,8500,20443
女,批發及零售業,-,-,-,8500,29022
女,其他服務業,-,-,-,8500,20494
女,服務業部門,-,-,-,8500,33226
女,金融及保險業,-,-,-,8500,50435
女,專業、科學及技術服務業,-,-,-,8500,38792
女,運輸及倉儲業,-,-,-,8500,33820
女,電力及燃氣供應業,-,-,-,8500,63843
女,製造業,-,-,-,8500,24951
女,營建工程業,-,-,-,8500,28432
女,醫療保健及社會工作服務業,-,-,-,8500,38325
女,藝術、娛樂及休閒服務業,-,-,-,8500,18886
女,礦業及土石採取業,-,-,-,8500,22310
總計,工業及服務業,-,-,-,8600,38489
總計,工業部門,-,-,-,8600,36174
總計,不動產業,-,-,-,8600,40666
總計,支援服務業,-,-,-,8600,35394
總計,出版、影音製作、傳播及資通訊服務業,-,-,-,8600,58831
總計,用水供應及污染整治業,-,-,-,8600,40281
總計,住宿及餐飲業,-,-,-,8600,23528
總計,批發及零售業,-,-,-,8600,36406
總計,其他服務業,-,-,-,8600,26929
總計,服務業部門,-,-,-,8600,40901
總計,金融及保險業,-,-,-,8600,60597
總計,專業、科學及技術服務業,-,-,-,8600,45904
總計,運輸及倉儲業,-,-,-,8600,42715
總計,電力及燃氣供應業,-,-,-,8600,80437
總計,製造業,-,-,-,8600,35402
總計,營建工程業,-,-,-,8600,37029
總計,醫療保健及社會工作服務業,-,-,-,8600,47378
總計,藝術、娛樂及休閒服務業,-,-,-,8600,24893
總計,礦業及土石採取業,-,-,-,8600,38545
男,工業及服務業,-,-,-,8600,43714
男,工業部門,-,-,-,8600,41742
男,不動產業,-,-,-,8600,46144
男,支援服務業,-,-,-,8600,38987
男,出版、影音製作、傳播及資通訊服務業,-,-,-,8600,62703
男,用水供應及污染整治業,-,-,-,8600,40458
男,住宿及餐飲業,-,-,-,8600,26302
男,批發及零售業,-,-,-,8600,42011
男,其他服務業,-,-,-,8600,34127
男,服務業部門,-,-,-,8600,46262
男,金融及保險業,-,-,-,8600,69438
男,專業、科學及技術服務業,-,-,-,8600,49762
男,運輸及倉儲業,-,-,-,8600,44941
男,電力及燃氣供應業,-,-,-,8600,82592
男,製造業,-,-,-,8600,41910
男,營建工程業,-,-,-,8600,38633
男,醫療保健及社會工作服務業,-,-,-,8600,70881
男,藝術、娛樂及休閒服務業,-,-,-,8600,30904
男,礦業及土石採取業,-,-,-,8600,42765
女,工業及服務業,-,-,-,8600,31522
女,工業部門,-,-,-,8600,26638
女,不動產業,-,-,-,8600,33281
女,支援服務業,-,-,-,8600,30317
女,出版、影音製作、傳播及資通訊服務業,-,-,-,8600,52462
女,用水供應及污染整治業,-,-,-,8600,39474
女,住宿及餐飲業,-,-,-,8600,21551
女,批發及零售業,-,-,-,8600,30550
女,其他服務業,-,-,-,8600,21179
女,服務業部門,-,-,-,8600,35343
女,金融及保險業,-,-,-,8600,54515
女,專業、科學及技術服務業,-,-,-,8600,41361
女,運輸及倉儲業,-,-,-,8600,36194
女,電力及燃氣供應業,-,-,-,8600,64495
女,製造業,-,-,-,8600,26268
女,營建工程業,-,-,-,8600,28993
女,醫療保健及社會工作服務業,-,-,-,8600,40282
女,藝術、娛樂及休閒服務業,-,-,-,8600,20366
女,礦業及土石採取業,-,-,-,8600,21776
總計,工業及服務業,-,-,-,8700,39673
總計,工業部門,-,-,-,8700,37229
總計,不動產業,-,-,-,8700,41719
總計,支援服務業,-,-,-,8700,34814
總計,出版、影音製作、傳播及資通訊服務業,-,-,-,8700,61421
總計,用水供應及污染整治業,-,-,-,8700,41708
總計,住宿及餐飲業,-,-,-,8700,24039
總計,批發及零售業,-,-,-,8700,37696
總計,其他服務業,-,-,-,8700,29530
總計,服務業部門,-,-,-,8700,42170
總計,金融及保險業,-,-,-,8700,59546
總計,專業、科學及技術服務業,-,-,-,8700,47898
總計,運輸及倉儲業,-,-,-,8700,44074
總計,電力及燃氣供應業,-,-,-,8700,88192
總計,製造業,-,-,-,8700,36431
總計,營建工程業,-,-,-,8700,37886
總計,醫療保健及社會工作服務業,-,-,-,8700,48920
總計,藝術、娛樂及休閒服務業,-,-,-,8700,26256
總計,礦業及土石採取業,-,-,-,8700,40083
男,工業及服務業,-,-,-,8700,45004
男,工業部門,-,-,-,8700,42821
男,不動產業,-,-,-,8700,47530
男,支援服務業,-,-,-,8700,38574
男,出版、影音製作、傳播及資通訊服務業,-,-,-,8700,66145
男,用水供應及污染整治業,-,-,-,8700,41611
男,住宿及餐飲業,-,-,-,8700,26473
男,批發及零售業,-,-,-,8700,43446
男,其他服務業,-,-,-,8700,36061
男,服務業部門,-,-,-,8700,47809
男,金融及保險業,-,-,-,8700,69851
男,專業、科學及技術服務業,-,-,-,8700,50489
男,運輸及倉儲業,-,-,-,8700,46430
男,電力及燃氣供應業,-,-,-,8700,90623
男,製造業,-,-,-,8700,42892
男,營建工程業,-,-,-,8700,39560
男,醫療保健及社會工作服務業,-,-,-,8700,76071
男,藝術、娛樂及休閒服務業,-,-,-,8700,32869
男,礦業及土石採取業,-,-,-,8700,44542
女,工業及服務業,-,-,-,8700,32686
女,工業部門,-,-,-,8700,27648
女,不動產業,-,-,-,8700,34402
女,支援服務業,-,-,-,8700,29387
女,出版、影音製作、傳播及資通訊服務業,-,-,-,8700,54041
女,用水供應及污染整治業,-,-,-,8700,42138
女,住宿及餐飲業,-,-,-,8700,22320
女,批發及零售業,-,-,-,8700,31870
女,其他服務業,-,-,-,8700,24152
女,服務業部門,-,-,-,8700,36493
女,金融及保險業,-,-,-,8700,52767
女,專業、科學及技術服務業,-,-,-,8700,45048
女,運輸及倉儲業,-,-,-,8700,37230
女,電力及燃氣供應業,-,-,-,8700,70331
女,製造業,-,-,-,8700,27286
女,營建工程業,-,-,-,8700,29654
女,醫療保健及社會工作服務業,-,-,-,8700,40921
女,藝術、娛樂及休閒服務業,-,-,-,8700,21368
女,礦業及土石採取業,-,-,-,8700,22280
總計,工業及服務業,-,-,-,8800,40781
總計,工業部門,-,-,-,8800,38410
總計,不動產業,-,-,-,8800,44429
總計,支援服務業,-,-,-,8800,34920
總計,出版、影音製作、傳播及資通訊服務業,-,-,-,8800,61260
總計,用水供應及污染整治業,-,-,-,8800,44729
總計,住宿及餐飲業,-,-,-,8800,25117
總計,批發及零售業,-,-,-,8800,38695
總計,其他服務業,-,-,-,8800,30825
總計,服務業部門,-,-,-,8800,43166
總計,金融及保險業,-,-,-,8800,60332
總計,專業、科學及技術服務業,-,-,-,8800,47349
總計,運輸及倉儲業,-,-,-,8800,45074
總計,電力及燃氣供應業,-,-,-,8800,91265
總計,製造業,-,-,-,8800,37746
總計,營建工程業,-,-,-,8800,38070
總計,醫療保健及社會工作服務業,-,-,-,8800,51020
總計,藝術、娛樂及休閒服務業,-,-,-,8800,26524
總計,礦業及土石採取業,-,-,-,8800,41432
男,工業及服務業,-,-,-,8800,46056
男,工業部門,-,-,-,8800,44034
男,不動產業,-,-,-,8800,50748
男,支援服務業,-,-,-,8800,38057
男,出版、影音製作、傳播及資通訊服務業,-,-,-,8800,64759
男,用水供應及污染整治業,-,-,-,8800,44830
男,住宿及餐飲業,-,-,-,8800,27890
男,批發及零售業,-,-,-,8800,44468
男,其他服務業,-,-,-,8800,35917
男,服務業部門,-,-,-,8800,48624
男,金融及保險業,-,-,-,8800,68812
男,專業、科學及技術服務業,-,-,-,8800,51116
男,運輸及倉儲業,-,-,-,8800,47236
男,電力及燃氣供應業,-,-,-,8800,93810
男,製造業,-,-,-,8800,44228
男,營建工程業,-,-,-,8800,39765
男,醫療保健及社會工作服務業,-,-,-,8800,80668
男,藝術、娛樂及休閒服務業,-,-,-,8800,32241
男,礦業及土石採取業,-,-,-,8800,45880
女,工業及服務業,-,-,-,8800,33964
女,工業部門,-,-,-,8800,28869
女,不動產業,-,-,-,8800,36652
女,支援服務業,-,-,-,8800,30397
女,出版、影音製作、傳播及資通訊服務業,-,-,-,8800,55728
女,用水供應及污染整治業,-,-,-,8800,44306
女,住宿及餐飲業,-,-,-,8800,23204
女,批發及零售業,-,-,-,8800,32911
女,其他服務業,-,-,-,8800,26680
女,服務業部門,-,-,-,8800,37750
女,金融及保險業,-,-,-,8800,54802
女,專業、科學及技術服務業,-,-,-,8800,43267
女,運輸及倉儲業,-,-,-,8800,38979
女,電力及燃氣供應業,-,-,-,8800,72600
女,製造業,-,-,-,8800,28571
女,營建工程業,-,-,-,8800,29897
女,醫療保健及社會工作服務業,-,-,-,8800,42296
女,藝術、娛樂及休閒服務業,-,-,-,8800,22086
女,礦業及土石採取業,-,-,-,8800,24154
總計,工業及服務業,-,-,-,8900,41831
總計,工業部門,-,-,-,8900,39505
總計,不動產業,-,-,-,8900,43716
總計,支援服務業,-,-,-,8900,35277
總計,出版、影音製作、傳播及資通訊服務業,-,-,-,8900,62759
總計,用水供應及污染整治業,-,-,-,8900,44341
總計,住宿及餐飲業,-,-,-,8900,26060
總計,批發及零售業,-,-,-,8900,39541
總計,其他服務業,-,-,-,8900,31335
總計,服務業部門,-,-,-,8900,44143
總計,金融及保險業,-,-,-,8900,60872
總計,專業、科學及技術服務業,-,-,-,8900,48628
總計,運輸及倉儲業,-,-,-,8900,45951
總計,電力及燃氣供應業,-,-,-,8900,91805
總計,製造業,-,-,-,8900,38922
總計,營建工程業,-,-,-,8900,38897
總計,醫療保健及社會工作服務業,-,-,-,8900,53397
總計,藝術、娛樂及休閒服務業,-,-,-,8900,27592
總計,礦業及土石採取業,-,-,-,8900,43066
男,工業及服務業,-,-,-,8900,47198
男,工業部門,-,-,-,8900,45192
男,不動產業,-,-,-,8900,50065
男,支援服務業,-,-,-,8900,38904
男,出版、影音製作、傳播及資通訊服務業,-,-,-,8900,66328
男,用水供應及污染整治業,-,-,-,8900,45237
男,住宿及餐飲業,-,-,-,8900,29864
男,批發及零售業,-,-,-,8900,44956
男,其他服務業,-,-,-,8900,36740
男,服務業部門,-,-,-,8900,49716
男,金融及保險業,-,-,-,8900,69741
男,專業、科學及技術服務業,-,-,-,8900,53452
男,運輸及倉儲業,-,-,-,8900,48098
男,電力及燃氣供應業,-,-,-,8900,94374
男,製造業,-,-,-,8900,45443
男,營建工程業,-,-,-,8900,40614
男,醫療保健及社會工作服務業,-,-,-,8900,86893
男,藝術、娛樂及休閒服務業,-,-,-,8900,33903
男,礦業及土石採取業,-,-,-,8900,47490
女,工業及服務業,-,-,-,8900,35009
女,工業部門,-,-,-,8900,30034
女,不動產業,-,-,-,8900,35371
女,支援服務業,-,-,-,8900,30211
女,出版、影音製作、傳播及資通訊服務業,-,-,-,8900,57195
女,用水供應及污染整治業,-,-,-,8900,41018
女,住宿及餐飲業,-,-,-,8900,23506
女,批發及零售業,-,-,-,8900,34205
女,其他服務業,-,-,-,8900,26811
女,服務業部門,-,-,-,8900,38684
女,金融及保險業,-,-,-,8900,55178
女,專業、科學及技術服務業,-,-,-,8900,43432
女,運輸及倉儲業,-,-,-,8900,40045
女,電力及燃氣供應業,-,-,-,8900,73006
女,製造業,-,-,-,8900,29807
女,營建工程業,-,-,-,8900,30480
女,醫療保健及社會工作服務業,-,-,-,8900,43323
女,藝術、娛樂及休閒服務業,-,-,-,8900,22446
女,礦業及土石採取業,-,-,-,8900,25817
總計,工業及服務業,-,-,-,9000,41952
總計,工業部門,-,-,-,9000,39011
總計,不動產業,-,-,-,9000,42277
總計,支援服務業,-,-,-,9000,35579
總計,出版、影音製作、傳播及資通訊服務業,-,-,-,9000,62100
總計,用水供應及污染整治業,-,-,-,9000,46002
總計,住宿及餐飲業,-,-,-,9000,25973
總計,批發及零售業,-,-,-,9000,39775
總計,其他服務業,-,-,-,9000,29927
總計,服務業部門,-,-,-,9000,44796
總計,金融及保險業,-,-,-,9000,62657
總計,專業、科學及技術服務業,-,-,-,9000,48812
總計,運輸及倉儲業,-,-,-,9000,48019
總計,電力及燃氣供應業,-,-,-,9000,97399
總計,製造業,-,-,-,9000,38420
總計,營建工程業,-,-,-,9000,37746
總計,醫療保健及社會工作服務業,-,-,-,9000,54484
總計,藝術、娛樂及休閒服務業,-,-,-,9000,28338
總計,礦業及土石採取業,-,-,-,9000,44068
男,工業及服務業,-,-,-,9000,46995
男,工業部門,-,-,-,9000,44666
男,不動產業,-,-,-,9000,48720
男,支援服務業,-,-,-,9000,38288
男,出版、影音製作、傳播及資通訊服務業,-,-,-,9000,65615
男,用水供應及污染整治業,-,-,-,9000,47230
男,住宿及餐飲業,-,-,-,9000,29262
男,批發及零售業,-,-,-,9000,44274
男,其他服務業,-,-,-,9000,35223
男,服務業部門,-,-,-,9000,49852
男,金融及保險業,-,-,-,9000,69721
男,專業、科學及技術服務業,-,-,-,9000,55118
男,運輸及倉儲業,-,-,-,9000,50103
男,電力及燃氣供應業,-,-,-,9000,99841
男,製造業,-,-,-,9000,44885
男,營建工程業,-,-,-,9000,39318
男,醫療保健及社會工作服務業,-,-,-,9000,90599
男,藝術、娛樂及休閒服務業,-,-,-,9000,35576
男,礦業及土石採取業,-,-,-,9000,48228
女,工業及服務業,-,-,-,9000,35623
女,工業部門,-,-,-,9000,29642
女,不動產業,-,-,-,9000,33642
女,支援服務業,-,-,-,9000,31530
女,出版、影音製作、傳播及資通訊服務業,-,-,-,9000,56602
女,用水供應及污染整治業,-,-,-,9000,41860
女,住宿及餐飲業,-,-,-,9000,23806
女,批發及零售業,-,-,-,9000,35441
女,其他服務業,-,-,-,9000,25283
女,服務業部門,-,-,-,9000,39906
女,金融及保險業,-,-,-,9000,58213
女,專業、科學及技術服務業,-,-,-,9000,42097
女,運輸及倉儲業,-,-,-,9000,42440
女,電力及燃氣供應業,-,-,-,9000,78840
女,製造業,-,-,-,9000,29388
女,營建工程業,-,-,-,9000,29995
女,醫療保健及社會工作服務業,-,-,-,9000,43631
女,藝術、娛樂及休閒服務業,-,-,-,9000,22267
女,礦業及土石採取業,-,-,-,9000,27293
總計,工業及服務業,-,-,-,9100,41533
總計,工業部門,-,-,-,9100,38843
總計,不動產業,-,-,-,9100,40896
總計,支援服務業,-,-,-,9100,34605
總計,出版、影音製作、傳播及資通訊服務業,-,-,-,9100,59239
總計,用水供應及污染整治業,-,-,-,9100,43917
總計,住宿及餐飲業,-,-,-,9100,25687
總計,批發及零售業,-,-,-,9100,39152
總計,其他服務業,-,-,-,9100,29236
總計,服務業部門,-,-,-,9100,44105
總計,金融及保險業,-,-,-,9100,65703
總計,專業、科學及技術服務業,-,-,-,9100,45653
總計,運輸及倉儲業,-,-,-,9100,46512
總計,電力及燃氣供應業,-,-,-,9100,93466
總計,製造業,-,-,-,9100,38444
總計,營建工程業,-,-,-,9100,36844
總計,醫療保健及社會工作服務業,-,-,-,9100,53841
總計,藝術、娛樂及休閒服務業,-,-,-,9100,27889
總計,礦業及土石採取業,-,-,-,9100,44804
男,工業及服務業,-,-,-,9100,46132
男,工業部門,-,-,-,9100,44159
男,不動產業,-,-,-,9100,47174
男,支援服務業,-,-,-,9100,36514
男,出版、影音製作、傳播及資通訊服務業,-,-,-,9100,62767
男,用水供應及污染整治業,-,-,-,9100,44830
男,住宿及餐飲業,-,-,-,9100,28588
男,批發及零售業,-,-,-,9100,43180
男,其他服務業,-,-,-,9100,33263
男,服務業部門,-,-,-,9100,48544
男,金融及保險業,-,-,-,9100,73827
男,專業、科學及技術服務業,-,-,-,9100,50125
男,運輸及倉儲業,-,-,-,9100,48314
男,電力及燃氣供應業,-,-,-,9100,95664
男,製造業,-,-,-,9100,44513
男,營建工程業,-,-,-,9100,38542
男,醫療保健及社會工作服務業,-,-,-,9100,88721
男,藝術、娛樂及休閒服務業,-,-,-,9100,35196
男,礦業及土石採取業,-,-,-,9100,48158
女,工業及服務業,-,-,-,9100,35840
女,工業部門,-,-,-,9100,30082
女,不動產業,-,-,-,9100,32930
女,支援服務業,-,-,-,9100,31684
女,出版、影音製作、傳播及資通訊服務業,-,-,-,9100,53875
女,用水供應及污染整治業,-,-,-,9100,40969
女,住宿及餐飲業,-,-,-,9100,23791
女,批發及零售業,-,-,-,9100,35341
女,其他服務業,-,-,-,9100,25727
女,服務業部門,-,-,-,9100,39892
女,金融及保險業,-,-,-,9100,60736
女,專業、科學及技術服務業,-,-,-,9100,40899
女,運輸及倉儲業,-,-,-,9100,41743
女,電力及燃氣供應業,-,-,-,9100,76465
女,製造業,-,-,-,9100,29983
女,營建工程業,-,-,-,9100,28414
女,醫療保健及社會工作服務業,-,-,-,9100,43782
女,藝術、娛樂及休閒服務業,-,-,-,9100,21378
女,礦業及土石採取業,-,-,-,9100,29410
總計,工業及服務業,-,-,-,9200,42068
總計,工業部門,-,-,-,9200,39858
總計,不動產業,-,-,-,9200,40431
總計,支援服務業,-,-,-,9200,32871
總計,出版、影音製作、傳播及資通訊服務業,-,-,-,9200,60292
總計,用水供應及污染整治業,-,-,-,9200,43954
總計,住宿及餐飲業,-,-,-,9200,24951
總計,批發及零售業,-,-,-,9200,39610
總計,其他服務業,-,-,-,9200,28947
總計,服務業部門,-,-,-,9200,44152
總計,金融及保險業,-,-,-,9200,64645
總計,專業、科學及技術服務業,-,-,-,9200,47411
總計,運輸及倉儲業,-,-,-,9200,45936
總計,電力及燃氣供應業,-,-,-,9200,95191
總計,製造業,-,-,-,9200,39558
總計,營建工程業,-,-,-,9200,37214
總計,醫療保健及社會工作服務業,-,-,-,9200,55702
總計,藝術、娛樂及休閒服務業,-,-,-,9200,27666
總計,礦業及土石採取業,-,-,-,9200,47720
男,工業及服務業,-,-,-,9200,46694
男,工業部門,-,-,-,9200,45278
男,不動產業,-,-,-,9200,44906
男,支援服務業,-,-,-,9200,34565
男,出版、影音製作、傳播及資通訊服務業,-,-,-,9200,64842
男,用水供應及污染整治業,-,-,-,9200,44828
男,住宿及餐飲業,-,-,-,9200,27553
男,批發及零售業,-,-,-,9200,43116
男,其他服務業,-,-,-,9200,32918
男,服務業部門,-,-,-,9200,48407
男,金融及保險業,-,-,-,9200,73192
男,專業、科學及技術服務業,-,-,-,9200,51624
男,運輸及倉儲業,-,-,-,9200,48059
男,電力及燃氣供應業,-,-,-,9200,97654
男,製造業,-,-,-,9200,45776
男,營建工程業,-,-,-,9200,38861
男,醫療保健及社會工作服務業,-,-,-,9200,93323
男,藝術、娛樂及休閒服務業,-,-,-,9200,34110
男,礦業及土石採取業,-,-,-,9200,51228
女,工業及服務業,-,-,-,9200,36373
女,工業部門,-,-,-,9200,30936
女,不動產業,-,-,-,9200,34768
女,支援服務業,-,-,-,9200,30267
女,出版、影音製作、傳播及資通訊服務業,-,-,-,9200,53778
女,用水供應及污染整治業,-,-,-,9200,41247
女,住宿及餐飲業,-,-,-,9200,23182
女,批發及零售業,-,-,-,9200,36279
女,其他服務業,-,-,-,9200,25757
女,服務業部門,-,-,-,9200,40139
女,金融及保險業,-,-,-,9200,59268
女,專業、科學及技術服務業,-,-,-,9200,42849
女,運輸及倉儲業,-,-,-,9200,40635
女,電力及燃氣供應業,-,-,-,9200,77100
女,製造業,-,-,-,9200,30848
女,營建工程業,-,-,-,9200,28964
女,醫療保健及社會工作服務業,-,-,-,9200,45268
女,藝術、娛樂及休閒服務業,-,-,-,9200,21688
女,礦業及土石採取業,-,-,-,9200,31452
總計,工業及服務業,-,-,-,9300,42684
總計,工業部門,-,-,-,9300,40849
總計,不動產業,-,-,-,9300,39781
總計,支援服務業,-,-,-,9300,32707
總計,出版、影音製作、傳播及資通訊服務業,-,-,-,9300,59417
總計,用水供應及污染整治業,-,-,-,9300,42880
總計,住宿及餐飲業,-,-,-,9300,24812
總計,批發及零售業,-,-,-,9300,39819
總計,其他服務業,-,-,-,9300,29421
總計,服務業部門,-,-,-,9300,44386
總計,金融及保險業,-,-,-,9300,66671
總計,專業、科學及技術服務業,-,-,-,9300,49292
總計,運輸及倉儲業,-,-,-,9300,46884
總計,電力及燃氣供應業,-,-,-,9300,94525
總計,製造業,-,-,-,9300,40666
總計,營建工程業,-,-,-,9300,37916
總計,醫療保健及社會工作服務業,-,-,-,9300,55341
總計,藝術、娛樂及休閒服務業,-,-,-,9300,29662
總計,礦業及土石採取業,-,-,-,9300,46307
男,工業及服務業,-,-,-,9300,47471
男,工業部門,-,-,-,9300,46289
男,不動產業,-,-,-,9300,43836
男,支援服務業,-,-,-,9300,34298
男,出版、影音製作、傳播及資通訊服務業,-,-,-,9300,63868
男,用水供應及污染整治業,-,-,-,9300,43935
男,住宿及餐飲業,-,-,-,9300,27348
男,批發及零售業,-,-,-,9300,43867
男,其他服務業,-,-,-,9300,33904
男,服務業部門,-,-,-,9300,48880
男,金融及保險業,-,-,-,9300,73657
男,專業、科學及技術服務業,-,-,-,9300,54302
男,運輸及倉儲業,-,-,-,9300,49277
男,電力及燃氣供應業,-,-,-,9300,97103
男,製造業,-,-,-,9300,46876
男,營建工程業,-,-,-,9300,39763
男,醫療保健及社會工作服務業,-,-,-,9300,94122
男,藝術、娛樂及休閒服務業,-,-,-,9300,36048
男,礦業及土石採取業,-,-,-,9300,49899
女,工業及服務業,-,-,-,9300,36844
女,工業部門,-,-,-,9300,31936
女,不動產業,-,-,-,9300,34811
女,支援服務業,-,-,-,9300,30440
女,出版、影音製作、傳播及資通訊服務業,-,-,-,9300,53293
女,用水供應及污染整治業,-,-,-,9300,39354
女,住宿及餐飲業,-,-,-,9300,23046
女,批發及零售業,-,-,-,9300,35955
女,其他服務業,-,-,-,9300,26032
女,服務業部門,-,-,-,9300,40185
女,金融及保險業,-,-,-,9300,62205
女,專業、科學及技術服務業,-,-,-,9300,43849
女,運輸及倉儲業,-,-,-,9300,41082
女,電力及燃氣供應業,-,-,-,9300,75931
女,製造業,-,-,-,9300,31939
女,營建工程業,-,-,-,9300,29128
女,醫療保健及社會工作服務業,-,-,-,9300,44591
女,藝術、娛樂及休閒服務業,-,-,-,9300,23479
女,礦業及土石採取業,-,-,-,9300,30291
總計,工業及服務業,-,-,-,9400,43162
總計,工業部門,-,-,-,9400,41916
總計,不動產業,-,-,-,9400,38819
總計,支援服務業,-,-,-,9400,32815
總計,出版、影音製作、傳播及資通訊服務業,-,-,-,9400,61381
總計,用水供應及污染整治業,-,-,-,9400,47647
總計,住宿及餐飲業,-,-,-,9400,25121
總計,批發及零售業,-,-,-,9400,39546
總計,其他服務業,-,-,-,9400,30384
總計,服務業部門,-,-,-,9400,44280
總計,金融及保險業,-,-,-,9400,65113
總計,專業、科學及技術服務業,-,-,-,9400,50871
總計,運輸及倉儲業,-,-,-,9400,48516
總計,電力及燃氣供應業,-,-,-,9400,91184
總計,製造業,-,-,-,9400,41868
總計,營建工程業,-,-,-,9400,38450
總計,醫療保健及社會工作服務業,-,-,-,9400,55604
總計,藝術、娛樂及休閒服務業,-,-,-,9400,29898
總計,礦業及土石採取業,-,-,-,9400,47671
男,工業及服務業,-,-,-,9400,47834
男,工業部門,-,-,-,9400,47256
男,不動產業,-,-,-,9400,41932
男,支援服務業,-,-,-,9400,33764
男,出版、影音製作、傳播及資通訊服務業,-,-,-,9400,66622
男,用水供應及污染整治業,-,-,-,9400,48959
男,住宿及餐飲業,-,-,-,9400,27855
男,批發及零售業,-,-,-,9400,42899
男,其他服務業,-,-,-,9400,34933
男,服務業部門,-,-,-,9400,48505
男,金融及保險業,-,-,-,9400,72142
男,專業、科學及技術服務業,-,-,-,9400,56247
男,運輸及倉儲業,-,-,-,9400,51396
男,電力及燃氣供應業,-,-,-,9400,93678
男,製造業,-,-,-,9400,48034
男,營建工程業,-,-,-,9400,40266
男,醫療保健及社會工作服務業,-,-,-,9400,92454
男,藝術、娛樂及休閒服務業,-,-,-,9400,35866
男,礦業及土石採取業,-,-,-,9400,51865
女,工業及服務業,-,-,-,9400,37479
女,工業部門,-,-,-,9400,33085
女,不動產業,-,-,-,9400,35022
女,支援服務業,-,-,-,9400,31489
女,出版、影音製作、傳播及資通訊服務業,-,-,-,9400,54403
女,用水供應及污染整治業,-,-,-,9400,43413
女,住宿及餐飲業,-,-,-,9400,23249
女,批發及零售業,-,-,-,9400,36272
女,其他服務業,-,-,-,9400,27141
女,服務業部門,-,-,-,9400,40349
女,金融及保險業,-,-,-,9400,60730
女,專業、科學及技術服務業,-,-,-,9400,44955
女,運輸及倉儲業,-,-,-,9400,41788
女,電力及燃氣供應業,-,-,-,9400,73387
女,製造業,-,-,-,9400,33118
女,營建工程業,-,-,-,9400,30004
女,醫療保健及社會工作服務業,-,-,-,9400,45590
女,藝術、娛樂及休閒服務業,-,-,-,9400,24120
女,礦業及土石採取業,-,-,-,9400,30708
總計,工業及服務業,-,-,-,9500,43492
總計,工業部門,-,-,-,9500,42515
總計,不動產業,-,-,-,9500,38313
總計,支援服務業,-,-,-,9500,32622
總計,出版、影音製作、傳播及資通訊服務業,-,-,-,9500,61134
總計,用水供應及污染整治業,-,-,-,9500,47251
總計,住宿及餐飲業,-,-,-,9500,24960
總計,批發及零售業,-,-,-,9500,39380
總計,其他服務業,-,-,-,9500,30203
總計,服務業部門,-,-,-,9500,44349
總計,金融及保險業,-,-,-,9500,69054
總計,專業、科學及技術服務業,-,-,-,9500,51721
總計,運輸及倉儲業,-,-,-,9500,48340
總計,電力及燃氣供應業,-,-,-,9500,97230
總計,製造業,-,-,-,9500,42403
總計,營建工程業,-,-,-,9500,39168
總計,醫療保健及社會工作服務業,-,-,-,9500,55430
總計,藝術、娛樂及休閒服務業,-,-,-,9500,31303
總計,礦業及土石採取業,-,-,-,9500,53344
男,工業及服務業,-,-,-,9500,48019
男,工業部門,-,-,-,9500,47819
男,不動產業,-,-,-,9500,40806
男,支援服務業,-,-,-,9500,33143
男,出版、影音製作、傳播及資通訊服務業,-,-,-,9500,65952
男,用水供應及污染整治業,-,-,-,9500,48318
男,住宿及餐飲業,-,-,-,9500,27380
男,批發及零售業,-,-,-,9500,42660
男,其他服務業,-,-,-,9500,34968
男,服務業部門,-,-,-,9500,48246
男,金融及保險業,-,-,-,9500,75231
男,專業、科學及技術服務業,-,-,-,9500,56814
男,運輸及倉儲業,-,-,-,9500,51484
男,電力及燃氣供應業,-,-,-,9500,99853
男,製造業,-,-,-,9500,48532
男,營建工程業,-,-,-,9500,40928
男,醫療保健及社會工作服務業,-,-,-,9500,92550
男,藝術、娛樂及休閒服務業,-,-,-,9500,37722
男,礦業及土石採取業,-,-,-,9500,58391
女,工業及服務業,-,-,-,9500,38034
女,工業部門,-,-,-,9500,33753
女,不動產業,-,-,-,9500,35359
女,支援服務業,-,-,-,9500,31911
女,出版、影音製作、傳播及資通訊服務業,-,-,-,9500,55002
女,用水供應及污染整治業,-,-,-,9500,43887
女,住宿及餐飲業,-,-,-,9500,23295
女,批發及零售業,-,-,-,9500,36180
女,其他服務業,-,-,-,9500,26919
女,服務業部門,-,-,-,9500,40757
女,金融及保險業,-,-,-,9500,65262
女,專業、科學及技術服務業,-,-,-,9500,46123
女,運輸及倉儲業,-,-,-,9500,41060
女,電力及燃氣供應業,-,-,-,9500,78573
女,製造業,-,-,-,9500,33757
女,營建工程業,-,-,-,9500,30802
女,醫療保健及社會工作服務業,-,-,-,9500,45607
女,藝術、娛樂及休閒服務業,-,-,-,9500,25073
女,礦業及土石採取業,-,-,-,9500,34436
總計,工業及服務業,-,-,-,9600,44411
總計,工業部門,-,-,-,9600,43358
總計,不動產業,-,-,-,9600,37874
總計,支援服務業,-,-,-,9600,33102
總計,出版、影音製作、傳播及資通訊服務業,-,-,-,9600,63731
總計,用水供應及污染整治業,-,-,-,9600,44399
總計,住宿及餐飲業,-,-,-,9600,25476
總計,批發及零售業,-,-,-,9600,39463
總計,其他服務業,-,-,-,9600,29925
總計,服務業部門,-,-,-,9600,45320
總計,金融及保險業,-,-,-,9600,75824
總計,專業、科學及技術服務業,-,-,-,9600,53144
總計,運輸及倉儲業,-,-,-,9600,49095
總計,電力及燃氣供應業,-,-,-,9600,98519
總計,製造業,-,-,-,9600,43240
總計,營建工程業,-,-,-,9600,40310
總計,醫療保健及社會工作服務業,-,-,-,9600,56613
總計,藝術、娛樂及休閒服務業,-,-,-,9600,31414
總計,礦業及土石採取業,-,-,-,9600,50949
男,工業及服務業,-,-,-,9600,48899
男,工業部門,-,-,-,9600,48742
男,不動產業,-,-,-,9600,39990
男,支援服務業,-,-,-,9600,33331
男,出版、影音製作、傳播及資通訊服務業,-,-,-,9600,69275
男,用水供應及污染整治業,-,-,-,9600,45747
男,住宿及餐飲業,-,-,-,9600,28112
男,批發及零售業,-,-,-,9600,42694
男,其他服務業,-,-,-,9600,34286
男,服務業部門,-,-,-,9600,49075
男,金融及保險業,-,-,-,9600,82623
男,專業、科學及技術服務業,-,-,-,9600,57823
男,運輸及倉儲業,-,-,-,9600,51735
男,電力及燃氣供應業,-,-,-,9600,101222
男,製造業,-,-,-,9600,49485
男,營建工程業,-,-,-,9600,42090
男,醫療保健及社會工作服務業,-,-,-,9600,94225
男,藝術、娛樂及休閒服務業,-,-,-,9600,37636
男,礦業及土石採取業,-,-,-,9600,56034
女,工業及服務業,-,-,-,9600,39029
女,工業部門,-,-,-,9600,34445
女,不動產業,-,-,-,9600,35525
女,支援服務業,-,-,-,9600,32828
女,出版、影音製作、傳播及資通訊服務業,-,-,-,9600,56859
女,用水供應及污染整治業,-,-,-,9600,40309
女,住宿及餐飲業,-,-,-,9600,23667
女,批發及零售業,-,-,-,9600,36297
女,其他服務業,-,-,-,9600,26988
女,服務業部門,-,-,-,9600,41884
女,金融及保險業,-,-,-,9600,71649
女,專業、科學及技術服務業,-,-,-,9600,47878
女,運輸及倉儲業,-,-,-,9600,42795
女,電力及燃氣供應業,-,-,-,9600,79832
女,製造業,-,-,-,9600,34458
女,營建工程業,-,-,-,9600,31556
女,醫療保健及社會工作服務業,-,-,-,9600,46716
女,藝術、娛樂及休閒服務業,-,-,-,9600,25185
女,礦業及土石採取業,-,-,-,9600,33113
總計,工業及服務業,-,-,-,9700,44418
總計,工業部門,-,-,-,9700,43384
總計,不動產業,-,-,-,9700,40340
總計,支援服務業,-,-,-,9700,32916
總計,出版、影音製作、傳播及資通訊服務業,-,-,-,9700,63777
總計,用水供應及污染整治業,-,-,-,9700,44521
總計,住宿及餐飲業,-,-,-,9700,26699
總計,批發及零售業,-,-,-,9700,39956
總計,其他服務業,-,-,-,9700,29314
總計,服務業部門,-,-,-,9700,45296
總計,金融及保險業,-,-,-,9700,71520
總計,專業、科學及技術服務業,-,-,-,9700,54169
總計,運輸及倉儲業,-,-,-,9700,49585
總計,電力及燃氣供應業,-,-,-,9700,89432
總計,製造業,-,-,-,9700,43297
總計,營建工程業,-,-,-,9700,40754
總計,醫療保健及社會工作服務業,-,-,-,9700,58134
總計,藝術、娛樂及休閒服務業,-,-,-,9700,31931
總計,礦業及土石採取業,-,-,-,9700,51333
男,工業及服務業,-,-,-,9700,49061
男,工業部門,-,-,-,9700,48647
男,不動產業,-,-,-,9700,43307
男,支援服務業,-,-,-,9700,33388
男,出版、影音製作、傳播及資通訊服務業,-,-,-,9700,69847
男,用水供應及污染整治業,-,-,-,9700,45793
男,住宿及餐飲業,-,-,-,9700,29163
男,批發及零售業,-,-,-,9700,43235
男,其他服務業,-,-,-,9700,33262
男,服務業部門,-,-,-,9700,49524
男,金融及保險業,-,-,-,9700,80421
男,專業、科學及技術服務業,-,-,-,9700,59817
男,運輸及倉儲業,-,-,-,9700,52640
男,電力及燃氣供應業,-,-,-,9700,91924
男,製造業,-,-,-,9700,49443
男,營建工程業,-,-,-,9700,42470
男,醫療保健及社會工作服務業,-,-,-,9700,97400
男,藝術、娛樂及休閒服務業,-,-,-,9700,38513
男,礦業及土石採取業,-,-,-,9700,56906
女,工業及服務業,-,-,-,9700,38863
女,工業部門,-,-,-,9700,34538
女,不動產業,-,-,-,9700,37166
女,支援服務業,-,-,-,9700,32384
女,出版、影音製作、傳播及資通訊服務業,-,-,-,9700,56579
女,用水供應及污染整治業,-,-,-,9700,40669
女,住宿及餐飲業,-,-,-,9700,25030
女,批發及零售業,-,-,-,9700,36738
女,其他服務業,-,-,-,9700,26716
女,服務業部門,-,-,-,9700,41471
女,金融及保險業,-,-,-,9700,66067
女,專業、科學及技術服務業,-,-,-,9700,47761
女,運輸及倉儲業,-,-,-,9700,42302
女,電力及燃氣供應業,-,-,-,9700,72679
女,製造業,-,-,-,9700,34549
女,營建工程業,-,-,-,9700,31863
女,醫療保健及社會工作服務業,-,-,-,9700,47940
女,藝術、娛樂及休閒服務業,-,-,-,9700,25263
女,礦業及土石採取業,-,-,-,9700,32020
總計,工業及服務業,-,-,-,9800,42299
總計,工業部門,-,-,-,9800,40338
總計,不動產業,-,-,-,9800,39032
總計,支援服務業,-,-,-,9800,31249
總計,出版、影音製作、傳播及資通訊服務業,-,-,-,9800,61888
總計,用水供應及污染整治業,-,-,-,9800,44042
總計,住宿及餐飲業,-,-,-,9800,27106
總計,批發及零售業,-,-,-,9800,40081
總計,其他服務業,-,-,-,9800,29738
總計,服務業部門,-,-,-,9800,43867
總計,金融及保險業,-,-,-,9800,67713
總計,專業、科學及技術服務業,-,-,-,9800,49426
總計,教育業,-,-,-,9800,22197
總計,運輸及倉儲業,-,-,-,9800,47911
總計,電力及燃氣供應業,-,-,-,9800,96285
總計,製造業,-,-,-,9800,39525
總計,營建工程業,-,-,-,9800,40870
總計,醫療保健及社會工作服務業,-,-,-,9800,57858
總計,藝術、娛樂及休閒服務業,-,-,-,9800,31242
總計,礦業及土石採取業,-,-,-,9800,49448
男,工業及服務業,-,-,-,9800,46453
男,工業部門,-,-,-,9800,45198
男,不動產業,-,-,-,9800,41345
男,支援服務業,-,-,-,9800,31744
男,出版、影音製作、傳播及資通訊服務業,-,-,-,9800,66949
男,用水供應及污染整治業,-,-,-,9800,45062
男,住宿及餐飲業,-,-,-,9800,29510
男,批發及零售業,-,-,-,9800,43301
男,其他服務業,-,-,-,9800,34211
男,服務業部門,-,-,-,9800,47804
男,金融及保險業,-,-,-,9800,75937
男,專業、科學及技術服務業,-,-,-,9800,53637
男,教育業,-,-,-,9800,25119
男,運輸及倉儲業,-,-,-,9800,50345
男,電力及燃氣供應業,-,-,-,9800,99436
男,製造業,-,-,-,9800,44866
男,營建工程業,-,-,-,9800,42677
男,醫療保健及社會工作服務業,-,-,-,9800,95989
男,藝術、娛樂及休閒服務業,-,-,-,9800,37461
男,礦業及土石採取業,-,-,-,9800,54430
女,工業及服務業,-,-,-,9800,37326
女,工業部門,-,-,-,9800,31856
女,不動產業,-,-,-,9800,36600
女,支援服務業,-,-,-,9800,30573
女,出版、影音製作、傳播及資通訊服務業,-,-,-,9800,55899
女,用水供應及污染整治業,-,-,-,9800,40863
女,住宿及餐飲業,-,-,-,9800,25481
女,批發及零售業,-,-,-,9800,36977
女,其他服務業,-,-,-,9800,26780
女,服務業部門,-,-,-,9800,40345
女,金融及保險業,-,-,-,9800,62684
女,專業、科學及技術服務業,-,-,-,9800,44513
女,教育業,-,-,-,9800,21074
女,運輸及倉儲業,-,-,-,9800,42117
女,電力及燃氣供應業,-,-,-,9800,75109
女,製造業,-,-,-,9800,31701
女,營建工程業,-,-,-,9800,30874
女,醫療保健及社會工作服務業,-,-,-,9800,48000
女,藝術、娛樂及休閒服務業,-,-,-,9800,24653
女,礦業及土石採取業,-,-,-,9800,30762
總計,工業及服務業,-,-,-,9900,44646
總計,工業部門,-,-,-,9900,43465
總計,不動產業,-,-,-,9900,42093
總計,支援服務業,-,-,-,9900,32064
總計,出版、影音製作、傳播及資通訊服務業,-,-,-,9900,64266
總計,用水供應及污染整治業,-,-,-,9900,45106
總計,住宿及餐飲業,-,-,-,9900,27788
總計,批發及零售業,-,-,-,9900,41766
總計,其他服務業,-,-,-,9900,30832
總計,服務業部門,-,-,-,9900,45600
總計,金融及保險業,-,-,-,9900,74219
總計,專業、科學及技術服務業,-,-,-,9900,52141
總計,教育業,-,-,-,9900,22459
總計,運輸及倉儲業,-,-,-,9900,49012
總計,電力及燃氣供應業,-,-,-,9900,96523
總計,製造業,-,-,-,9900,43152
總計,營建工程業,-,-,-,9900,41598
總計,醫療保健及社會工作服務業,-,-,-,9900,57897
總計,藝術、娛樂及休閒服務業,-,-,-,9900,32687
總計,礦業及土石採取業,-,-,-,9900,52551
男,工業及服務業,-,-,-,9900,48966
男,工業部門,-,-,-,9900,48515
男,不動產業,-,-,-,9900,43575
男,支援服務業,-,-,-,9900,32741
男,出版、影音製作、傳播及資通訊服務業,-,-,-,9900,69756
男,用水供應及污染整治業,-,-,-,9900,45760
男,住宿及餐飲業,-,-,-,9900,30523
男,批發及零售業,-,-,-,9900,44805
男,其他服務業,-,-,-,9900,36153
男,服務業部門,-,-,-,9900,49456
男,金融及保險業,-,-,-,9900,83470
男,專業、科學及技術服務業,-,-,-,9900,56118
男,教育業,-,-,-,9900,25267
男,運輸及倉儲業,-,-,-,9900,51078
男,電力及燃氣供應業,-,-,-,9900,99134
男,製造業,-,-,-,9900,48888
男,營建工程業,-,-,-,9900,43682
男,醫療保健及社會工作服務業,-,-,-,9900,94984
男,藝術、娛樂及休閒服務業,-,-,-,9900,38918
男,礦業及土石採取業,-,-,-,9900,56872
女,工業及服務業,-,-,-,9900,39475
女,工業部門,-,-,-,9900,34700
女,不動產業,-,-,-,9900,40501
女,支援服務業,-,-,-,9900,31161
女,出版、影音製作、傳播及資通訊服務業,-,-,-,9900,57830
女,用水供應及污染整治業,-,-,-,9900,42961
女,住宿及餐飲業,-,-,-,9900,25838
女,批發及零售業,-,-,-,9900,38879
女,其他服務業,-,-,-,9900,27320
女,服務業部門,-,-,-,9900,42148
女,金融及保險業,-,-,-,9900,68430
女,專業、科學及技術服務業,-,-,-,9900,47478
女,教育業,-,-,-,9900,21325
女,運輸及倉儲業,-,-,-,9900,44072
女,電力及燃氣供應業,-,-,-,9900,79061
女,製造業,-,-,-,9900,34785
女,營建工程業,-,-,-,9900,30244
女,醫療保健及社會工作服務業,-,-,-,9900,48541
女,藝術、娛樂及休閒服務業,-,-,-,9900,25990
女,礦業及土石採取業,-,-,-,9900,34940
總計,工業及服務業,-,-,-,10000,45961
總計,工業部門,-,-,-,10000,44824
總計,不動產業,-,-,-,10000,43783
總計,支援服務業,-,-,-,10000,32855
總計,出版、影音製作、傳播及資通訊服務業,-,-,-,10000,66291
總計,用水供應及污染整治業,-,-,-,10000,45828
總計,住宿及餐飲業,-,-,-,10000,29715
總計,批發及零售業,-,-,-,10000,42562
總計,其他服務業,-,-,-,10000,32526
總計,服務業部門,-,-,-,10000,46881
總計,金融及保險業,-,-,-,10000,76920
總計,專業、科學及技術服務業,-,-,-,10000,54097
總計,教育業,-,-,-,10000,22416
總計,運輸及倉儲業,-,-,-,10000,50333
總計,電力及燃氣供應業,-,-,-,10000,95382
總計,製造業,-,-,-,10000,44603
總計,營建工程業,-,-,-,10000,42716
總計,醫療保健及社會工作服務業,-,-,-,10000,59900
總計,藝術、娛樂及休閒服務業,-,-,-,10000,33236
總計,礦業及土石採取業,-,-,-,10000,53978
男,工業及服務業,-,-,-,10000,50482
男,工業部門,-,-,-,10000,50114
男,不動產業,-,-,-,10000,44163
男,支援服務業,-,-,-,10000,33392
男,出版、影音製作、傳播及資通訊服務業,-,-,-,10000,72177
男,用水供應及污染整治業,-,-,-,10000,46398
男,住宿及餐飲業,-,-,-,10000,32078
男,批發及零售業,-,-,-,10000,45904
男,其他服務業,-,-,-,10000,37727
男,服務業部門,-,-,-,10000,50879
男,金融及保險業,-,-,-,10000,87638
男,專業、科學及技術服務業,-,-,-,10000,58745
男,教育業,-,-,-,10000,25106
男,運輸及倉儲業,-,-,-,10000,52411
男,電力及燃氣供應業,-,-,-,10000,98058
男,製造業,-,-,-,10000,50611
男,營建工程業,-,-,-,10000,45009
男,醫療保健及社會工作服務業,-,-,-,10000,97083
男,藝術、娛樂及休閒服務業,-,-,-,10000,39283
男,礦業及土石採取業,-,-,-,10000,57731
女,工業及服務業,-,-,-,10000,40580
女,工業部門,-,-,-,10000,35755
女,不動產業,-,-,-,10000,43383
女,支援服務業,-,-,-,10000,32148
女,出版、影音製作、傳播及資通訊服務業,-,-,-,10000,59490
女,用水供應及污染整治業,-,-,-,10000,43940
女,住宿及餐飲業,-,-,-,10000,27988
女,批發及零售業,-,-,-,10000,39410
女,其他服務業,-,-,-,10000,28970
女,服務業部門,-,-,-,10000,43305
女,金融及保險業,-,-,-,10000,70204
女,專業、科學及技術服務業,-,-,-,10000,48591
女,教育業,-,-,-,10000,21278
女,運輸及倉儲業,-,-,-,10000,45418
女,電力及燃氣供應業,-,-,-,10000,77726
女,製造業,-,-,-,10000,35892
女,營建工程業,-,-,-,10000,30825
女,醫療保健及社會工作服務業,-,-,-,10000,50584
女,藝術、娛樂及休閒服務業,-,-,-,10000,26799
女,礦業及土石採取業,-,-,-,10000,38012
總計,工業及服務業,-,-,-,10100,46109
總計,工業部門,-,-,-,10100,45309
總計,不動產業,-,-,-,10100,41546
總計,支援服務業,-,-,-,10100,33436
總計,出版、影音製作、傳播及資通訊服務業,-,-,-,10100,66962
總計,用水供應及污染整治業,-,-,-,10100,43675
總計,住宿及餐飲業,-,-,-,10100,30072
總計,批發及零售業,-,-,-,10100,41815
總計,其他服務業,-,-,-,10100,32601
總計,服務業部門,-,-,-,10100,46747
總計,金融及保險業,-,-,-,10100,77957
總計,專業、科學及技術服務業,-,-,-,10100,54950
總計,教育業,-,-,-,10100,22773
總計,運輸及倉儲業,-,-,-,10100,50364
總計,電力及燃氣供應業,-,-,-,10100,92871
總計,製造業,-,-,-,10100,45238
總計,營建工程業,-,-,-,10100,42683
總計,醫療保健及社會工作服務業,-,-,-,10100,60261
總計,藝術、娛樂及休閒服務業,-,-,-,10100,35446
總計,礦業及土石採取業,-,-,-,10100,52752
男,工業及服務業,-,-,-,10100,50470
男,工業部門,-,-,-,10100,50394
男,不動產業,-,-,-,10100,41219
男,支援服務業,-,-,-,10100,33604
男,出版、影音製作、傳播及資通訊服務業,-,-,-,10100,73043
男,用水供應及污染整治業,-,-,-,10100,44408
男,住宿及餐飲業,-,-,-,10100,32438
男,批發及零售業,-,-,-,10100,44935
男,其他服務業,-,-,-,10100,37403
男,服務業部門,-,-,-,10100,50551
男,金融及保險業,-,-,-,10100,87611
男,專業、科學及技術服務業,-,-,-,10100,60118
男,教育業,-,-,-,10100,25560
男,運輸及倉儲業,-,-,-,10100,52589
男,電力及燃氣供應業,-,-,-,10100,95882
男,製造業,-,-,-,10100,51024
男,營建工程業,-,-,-,10100,45030
男,醫療保健及社會工作服務業,-,-,-,10100,96679
男,藝術、娛樂及休閒服務業,-,-,-,10100,41952
男,礦業及土石採取業,-,-,-,10100,56440
女,工業及服務業,-,-,-,10100,40940
女,工業部門,-,-,-,10100,36575
女,不動產業,-,-,-,10100,41887
女,支援服務業,-,-,-,10100,33213
女,出版、影音製作、傳播及資通訊服務業,-,-,-,10100,59962
女,用水供應及污染整治業,-,-,-,10100,41311
女,住宿及餐飲業,-,-,-,10100,28364
女,批發及零售業,-,-,-,10100,38901
女,其他服務業,-,-,-,10100,29223
女,服務業部門,-,-,-,10100,43361
女,金融及保險業,-,-,-,10100,71970
女,專業、科學及技術服務業,-,-,-,10100,48771
女,教育業,-,-,-,10100,21649
女,運輸及倉儲業,-,-,-,10100,45152
女,電力及燃氣供應業,-,-,-,10100,73573
女,製造業,-,-,-,10100,36815
女,營建工程業,-,-,-,10100,30697
女,醫療保健及社會工作服務業,-,-,-,10100,50968
女,藝術、娛樂及休閒服務業,-,-,-,10100,28317
女,礦業及土石採取業,-,-,-,10100,37519
總計,工業及服務業,-,-,-,10200,46174
總計,工業部門,-,-,-,10200,45434
總計,不動產業,-,-,-,10200,42165
總計,支援服務業,-,-,-,10200,33662
總計,出版、影音製作、傳播及資通訊服務業,-,-,-,10200,65547
總計,用水供應及污染整治業,-,-,-,10200,44143
總計,住宿及餐飲業,-,-,-,10200,30459
總計,批發及零售業,-,-,-,10200,42249
總計,其他服務業,-,-,-,10200,33020
總計,服務業部門,-,-,-,10200,46756
總計,金融及保險業,-,-,-,10200,77864
總計,專業、科學及技術服務業,-,-,-,10200,53835
總計,教育業,-,-,-,10200,22923
總計,運輸及倉儲業,-,-,-,10200,50021
總計,電力及燃氣供應業,-,-,-,10200,88934
總計,製造業,-,-,-,10200,45448
總計,營建工程業,-,-,-,10200,42540
總計,醫療保健及社會工作服務業,-,-,-,10200,59908
總計,藝術、娛樂及休閒服務業,-,-,-,10200,36070
總計,礦業及土石採取業,-,-,-,10200,54871
男,工業及服務業,-,-,-,10200,50485
男,工業部門,-,-,-,10200,50413
男,不動產業,-,-,-,10200,41356
男,支援服務業,-,-,-,10200,34219
男,出版、影音製作、傳播及資通訊服務業,-,-,-,10200,71481
男,用水供應及污染整治業,-,-,-,10200,44782
男,住宿及餐飲業,-,-,-,10200,33063
男,批發及零售業,-,-,-,10200,45551
男,其他服務業,-,-,-,10200,38266
男,服務業部門,-,-,-,10200,50562
男,金融及保險業,-,-,-,10200,86847
男,專業、科學及技術服務業,-,-,-,10200,58500
男,教育業,-,-,-,10200,26041
男,運輸及倉儲業,-,-,-,10200,52338
男,電力及燃氣供應業,-,-,-,10200,91586
男,製造業,-,-,-,10200,51151
男,營建工程業,-,-,-,10200,44879
男,醫療保健及社會工作服務業,-,-,-,10200,95663
男,藝術、娛樂及休閒服務業,-,-,-,10200,42522
男,礦業及土石採取業,-,-,-,10200,57708
女,工業及服務業,-,-,-,10200,41091
女,工業部門,-,-,-,10200,36845
女,不動產業,-,-,-,10200,43028
女,支援服務業,-,-,-,10200,32948
女,出版、影音製作、傳播及資通訊服務業,-,-,-,10200,58863
女,用水供應及污染整治業,-,-,-,10200,42103
女,住宿及餐飲業,-,-,-,10200,28547
女,批發及零售業,-,-,-,10200,39199
女,其他服務業,-,-,-,10200,29388
女,服務業部門,-,-,-,10200,43398
女,金融及保險業,-,-,-,10200,72376
女,專業、科學及技術服務業,-,-,-,10200,48310
女,教育業,-,-,-,10200,21587
女,運輸及倉儲業,-,-,-,10200,44708
女,電力及燃氣供應業,-,-,-,10200,72260
女,製造業,-,-,-,10200,37110
女,營建工程業,-,-,-,10200,30539
女,醫療保健及社會工作服務業,-,-,-,10200,50762
女,藝術、娛樂及休閒服務業,-,-,-,10200,28797
女,礦業及土石採取業,-,-,-,10200,41831
總計,工業及服務業,-,-,-,10300,47832
總計,工業部門,-,-,-,10300,46903
總計,不動產業,-,-,-,10300,44786
總計,支援服務業,-,-,-,10300,34689
總計,出版、影音製作、傳播及資通訊服務業,-,-,-,10300,66386
總計,用水供應及污染整治業,-,-,-,10300,44919
總計,住宿及餐飲業,-,-,-,10300,31676
總計,批發及零售業,-,-,-,10300,44377
總計,其他服務業,-,-,-,10300,34491
總計,服務業部門,-,-,-,10300,48558
總計,金融及保險業,-,-,-,10300,83085
總計,專業、科學及技術服務業,-,-,-,10300,55491
總計,教育業,-,-,-,10300,24226
總計,運輸及倉儲業,-,-,-,10300,50291
總計,電力及燃氣供應業,-,-,-,10300,94111
總計,製造業,-,-,-,10300,47018
總計,營建工程業,-,-,-,10300,43251
總計,醫療保健及社會工作服務業,-,-,-,10300,61298
總計,藝術、娛樂及休閒服務業,-,-,-,10300,35829
總計,礦業及土石採取業,-,-,-,10300,54093
男,工業及服務業,-,-,-,10300,52087
男,工業部門,-,-,-,10300,51986
男,不動產業,-,-,-,10300,44730
男,支援服務業,-,-,-,10300,35212
男,出版、影音製作、傳播及資通訊服務業,-,-,-,10300,72855
男,用水供應及污染整治業,-,-,-,10300,45292
男,住宿及餐飲業,-,-,-,10300,33862
男,批發及零售業,-,-,-,10300,47730
男,其他服務業,-,-,-,10300,40060
男,服務業部門,-,-,-,10300,52195
男,金融及保險業,-,-,-,10300,90420
男,專業、科學及技術服務業,-,-,-,10300,60380
男,教育業,-,-,-,10300,27424
男,運輸及倉儲業,-,-,-,10300,52670
男,電力及燃氣供應業,-,-,-,10300,96883
男,製造業,-,-,-,10300,52946
男,營建工程業,-,-,-,10300,45364
男,醫療保健及社會工作服務業,-,-,-,10300,96514
男,藝術、娛樂及休閒服務業,-,-,-,10300,42133
男,礦業及土石採取業,-,-,-,10300,57007
女,工業及服務業,-,-,-,10300,42877
女,工業部門,-,-,-,10300,38146
女,不動產業,-,-,-,10300,44844
女,支援服務業,-,-,-,10300,34050
女,出版、影音製作、傳播及資通訊服務業,-,-,-,10300,59228
女,用水供應及污染整治業,-,-,-,10300,43693
女,住宿及餐飲業,-,-,-,10300,30037
女,批發及零售業,-,-,-,10300,41376
女,其他服務業,-,-,-,10300,30683
女,服務業部門,-,-,-,10300,45410
女,金融及保險業,-,-,-,10300,78538
女,專業、科學及技術服務業,-,-,-,10300,49752
女,教育業,-,-,-,10300,22749
女,運輸及倉儲業,-,-,-,10300,45074
女,電力及燃氣供應業,-,-,-,10300,77045
女,製造業,-,-,-,10300,38360
女,營建工程業,-,-,-,10300,32255
女,醫療保健及社會工作服務業,-,-,-,10300,52558
女,藝術、娛樂及休閒服務業,-,-,-,10300,28930
女,礦業及土石採取業,-,-,-,10300,40558
總計,工業及服務業,-,-,-,10400,49024
總計,工業部門,-,-,-,10400,48373
總計,不動產業,-,-,-,10400,44075
總計,支援服務業,-,-,-,10400,35451
總計,出版、影音製作、傳播及資通訊服務業,-,-,-,10400,66595
總計,用水供應及污染整治業,-,-,-,10400,44357
總計,住宿及餐飲業,-,-,-,10400,32508
總計,批發及零售業,-,-,-,10400,45422
總計,其他服務業,-,-,-,10400,33901
總計,服務業部門,-,-,-,10400,49526
總計,金融及保險業,-,-,-,10400,84742
總計,專業、科學及技術服務業,-,-,-,10400,56132
總計,教育業,-,-,-,10400,24304
總計,運輸及倉儲業,-,-,-,10400,51579
總計,電力及燃氣供應業,-,-,-,10400,96595
總計,製造業,-,-,-,10400,48713
總計,營建工程業,-,-,-,10400,43346
總計,醫療保健及社會工作服務業,-,-,-,10400,64100
總計,藝術、娛樂及休閒服務業,-,-,-,10400,36184
總計,礦業及土石採取業,-,-,-,10400,57198
男,工業及服務業,-,-,-,10400,53315
男,工業部門,-,-,-,10400,53640
男,不動產業,-,-,-,10400,43794
男,支援服務業,-,-,-,10400,36074
男,出版、影音製作、傳播及資通訊服務業,-,-,-,10400,72865
男,用水供應及污染整治業,-,-,-,10400,44513
男,住宿及餐飲業,-,-,-,10400,34792
男,批發及零售業,-,-,-,10400,48331
男,其他服務業,-,-,-,10400,39288
男,服務業部門,-,-,-,10400,52973
男,金融及保險業,-,-,-,10400,93060
男,專業、科學及技術服務業,-,-,-,10400,60843
男,教育業,-,-,-,10400,27046
男,運輸及倉儲業,-,-,-,10400,54189
男,電力及燃氣供應業,-,-,-,10400,99475
男,製造業,-,-,-,10400,54993
男,營建工程業,-,-,-,10400,45323
男,醫療保健及社會工作服務業,-,-,-,10400,99185
男,藝術、娛樂及休閒服務業,-,-,-,10400,43556
男,礦業及土石採取業,-,-,-,10400,59956
女,工業及服務業,-,-,-,10400,44070
女,工業部門,-,-,-,10400,39338
女,不動產業,-,-,-,10400,44352
女,支援服務業,-,-,-,10400,34695
女,出版、影音製作、傳播及資通訊服務業,-,-,-,10400,59755
女,用水供應及污染整治業,-,-,-,10400,43819
女,住宿及餐飲業,-,-,-,10400,30790
女,批發及零售業,-,-,-,10400,42812
女,其他服務業,-,-,-,10400,30388
女,服務業部門,-,-,-,10400,46567
女,金融及保險業,-,-,-,10400,79590
女,專業、科學及技術服務業,-,-,-,10400,50679
女,教育業,-,-,-,10400,23063
女,運輸及倉儲業,-,-,-,10400,46056
女,電力及燃氣供應業,-,-,-,10400,79194
女,製造業,-,-,-,10400,39568
女,營建工程業,-,-,-,10400,33104
女,醫療保健及社會工作服務業,-,-,-,10400,55628
女,藝術、娛樂及休閒服務業,-,-,-,10400,28431
女,礦業及土石採取業,-,-,-,10400,44296
總計,工業及服務業,-,-,-,10500,49266
總計,工業部門,-,-,-,10500,48654
總計,不動產業,-,-,-,10500,42897
總計,支援服務業,-,-,-,10500,35855
總計,出版、影音製作、傳播及資通訊服務業,-,-,-,10500,67749
總計,用水供應及污染整治業,-,-,-,10500,43216
總計,住宿及餐飲業,-,-,-,10500,32498
總計,批發及零售業,-,-,-,10500,45345
總計,其他服務業,-,-,-,10500,33497
總計,服務業部門,-,-,-,10500,49730
總計,金融及保險業,-,-,-,10500,85452
總計,專業、科學及技術服務業,-,-,-,10500,56427
總計,教育業,-,-,-,10500,24876
總計,運輸及倉儲業,-,-,-,10500,52540
總計,電力及燃氣供應業,-,-,-,10500,94453
總計,製造業,-,-,-,10500,49162
總計,營建工程業,-,-,-,10500,42839
總計,醫療保健及社會工作服務業,-,-,-,10500,65236
總計,藝術、娛樂及休閒服務業,-,-,-,10500,36821
總計,礦業及土石採取業,-,-,-,10500,55425
男,工業及服務業,-,-,-,10500,53445
男,工業部門,-,-,-,10500,53767
男,不動產業,-,-,-,10500,42067
男,支援服務業,-,-,-,10500,36525
男,出版、影音製作、傳播及資通訊服務業,-,-,-,10500,73979
男,用水供應及污染整治業,-,-,-,10500,43365
男,住宿及餐飲業,-,-,-,10500,34643
男,批發及零售業,-,-,-,10500,48193
男,其他服務業,-,-,-,10500,38289
男,服務業部門,-,-,-,10500,53109
男,金融及保險業,-,-,-,10500,92176
男,專業、科學及技術服務業,-,-,-,10500,61933
男,教育業,-,-,-,10500,27885
男,運輸及倉儲業,-,-,-,10500,55246
男,電力及燃氣供應業,-,-,-,10500,97289
男,製造業,-,-,-,10500,55348
男,營建工程業,-,-,-,10500,44675
男,醫療保健及社會工作服務業,-,-,-,10500,102171
男,藝術、娛樂及休閒服務業,-,-,-,10500,44419
男,礦業及土石採取業,-,-,-,10500,58039
女,工業及服務業,-,-,-,10500,44457
女,工業部門,-,-,-,10500,39880
女,不動產業,-,-,-,10500,43673
女,支援服務業,-,-,-,10500,35039
女,出版、影音製作、傳播及資通訊服務業,-,-,-,10500,60924
女,用水供應及污染整治業,-,-,-,10500,42706
女,住宿及餐飲業,-,-,-,10500,30871
女,批發及零售業,-,-,-,10500,42779
女,其他服務業,-,-,-,10500,30417
女,服務業部門,-,-,-,10500,46832
女,金融及保險業,-,-,-,10500,81283
女,專業、科學及技術服務業,-,-,-,10500,50054
女,教育業,-,-,-,10500,23468
女,運輸及倉儲業,-,-,-,10500,46984
女,電力及燃氣供應業,-,-,-,10500,77813
女,製造業,-,-,-,10500,40141
女,營建工程業,-,-,-,10500,33367
女,醫療保健及社會工作服務業,-,-,-,10500,56403
女,藝術、娛樂及休閒服務業,-,-,-,10500,28817
女,礦業及土石採取業,-,-,-,10500,42691
總計,工業及服務業,-,-,-,10600,50480
總計,工業部門,-,-,-,10600,49907
總計,不動產業,-,-,-,10600,44893
總計,支援服務業,-,-,-,10600,36178
總計,出版、影音製作、傳播及資通訊服務業,-,-,-,10600,69196
總計,用水供應及污染整治業,-,-,-,10600,44286
總計,住宿及餐飲業,-,-,-,10600,33406
總計,批發及零售業,-,-,-,10600,47260
總計,其他服務業,-,-,-,10600,33860
總計,服務業部門,-,-,-,10600,50912
總計,金融及保險業,-,-,-,10600,86425
總計,專業、科學及技術服務業,-,-,-,10600,57585
總計,教育業,-,-,-,10600,25288
總計,運輸及倉儲業,-,-,-,10600,53314
總計,電力及燃氣供應業,-,-,-,10600,94730
總計,製造業,-,-,-,10600,50678
總計,營建工程業,-,-,-,10600,42506
總計,醫療保健及社會工作服務業,-,-,-,10600,65681
總計,藝術、娛樂及休閒服務業,-,-,-,10600,37535
總計,礦業及土石採取業,-,-,-,10600,55098
男,工業及服務業,-,-,-,10600,54706
男,工業部門,-,-,-,10600,55047
男,不動產業,-,-,-,10600,44715
男,支援服務業,-,-,-,10600,37107
男,出版、影音製作、傳播及資通訊服務業,-,-,-,10600,75727
男,用水供應及污染整治業,-,-,-,10600,44299
男,住宿及餐飲業,-,-,-,10600,35568
男,批發及零售業,-,-,-,10600,50284
男,其他服務業,-,-,-,10600,38365
男,服務業部門,-,-,-,10600,54354
男,金融及保險業,-,-,-,10600,92041
男,專業、科學及技術服務業,-,-,-,10600,63394
男,教育業,-,-,-,10600,28455
男,運輸及倉儲業,-,-,-,10600,55656
男,電力及燃氣供應業,-,-,-,10600,97572
男,製造業,-,-,-,10600,57010
男,營建工程業,-,-,-,10600,44266
男,醫療保健及社會工作服務業,-,-,-,10600,100618
男,藝術、娛樂及休閒服務業,-,-,-,10600,45537
男,礦業及土石採取業,-,-,-,10600,58094
女,工業及服務業,-,-,-,10600,45633
女,工業部門,-,-,-,10600,41114
女,不動產業,-,-,-,10600,45057
女,支援服務業,-,-,-,10600,35050
女,出版、影音製作、傳播及資通訊服務業,-,-,-,10600,62172
女,用水供應及污染整治業,-,-,-,10600,44241
女,住宿及餐飲業,-,-,-,10600,31780
女,批發及零售業,-,-,-,10600,44523
女,其他服務業,-,-,-,10600,30979
女,服務業部門,-,-,-,10600,47964
女,金融及保險業,-,-,-,10600,82909
女,專業、科學及技術服務業,-,-,-,10600,50979
女,教育業,-,-,-,10600,23756
女,運輸及倉儲業,-,-,-,10600,48592
女,電力及燃氣供應業,-,-,-,10600,78575
女,製造業,-,-,-,10600,41441
女,營建工程業,-,-,-,10600,33602
女,醫療保健及社會工作服務業,-,-,-,10600,56988
女,藝術、娛樂及休閒服務業,-,-,-,10600,28893
女,礦業及土石採取業,-,-,-,10600,41485
總計,工業及服務業,-,-,-,10700,52407
總計,工業部門,-,-,-,10700,52005
總計,不動產業,-,-,-,10700,47658
總計,支援服務業,-,-,-,10700,37133
總計,出版、影音製作、傳播及資通訊服務業,-,-,-,10700,69909
總計,用水供應及污染整治業,-,-,-,10700,45319
總計,住宿及餐飲業,-,-,-,10700,34077
總計,批發及零售業,-,-,-,10700,49798
總計,其他服務業,-,-,-,10700,34966
總計,服務業部門,-,-,-,10700,52708
總計,金融及保險業,-,-,-,10700,89215
總計,專業、科學及技術服務業,-,-,-,10700,58773
總計,教育業,-,-,-,10700,26033
總計,運輸及倉儲業,-,-,-,10700,54994
總計,電力及燃氣供應業,-,-,-,10700,96054
總計,製造業,-,-,-,10700,52948
總計,營建工程業,-,-,-,10700,43645
總計,醫療保健及社會工作服務業,-,-,-,10700,67014
總計,藝術、娛樂及休閒服務業,-,-,-,10700,38742
總計,礦業及土石採取業,-,-,-,10700,56288
男,工業及服務業,-,-,-,10700,56903
男,工業部門,-,-,-,10700,57326
男,不動產業,-,-,-,10700,46717
男,支援服務業,-,-,-,10700,37967
男,出版、影音製作、傳播及資通訊服務業,-,-,-,10700,76413
男,用水供應及污染整治業,-,-,-,10700,45330
男,住宿及餐飲業,-,-,-,10700,36150
男,批發及零售業,-,-,-,10700,53487
男,其他服務業,-,-,-,10700,39556
男,服務業部門,-,-,-,10700,56468
男,金融及保險業,-,-,-,10700,95819
男,專業、科學及技術服務業,-,-,-,10700,64854
男,教育業,-,-,-,10700,28869
男,運輸及倉儲業,-,-,-,10700,57428
男,電力及燃氣供應業,-,-,-,10700,98720
男,製造業,-,-,-,10700,59559
男,營建工程業,-,-,-,10700,45494
男,醫療保健及社會工作服務業,-,-,-,10700,102308
男,藝術、娛樂及休閒服務業,-,-,-,10700,46572
男,礦業及土石採取業,-,-,-,10700,59853
女,工業及服務業,-,-,-,10700,47257
女,工業部門,-,-,-,10700,42903
女,不動產業,-,-,-,10700,48545
女,支援服務業,-,-,-,10700,36120
女,出版、影音製作、傳播及資通訊服務業,-,-,-,10700,63124
女,用水供應及污染整治業,-,-,-,10700,45281
女,住宿及餐飲業,-,-,-,10700,32517
女,批發及零售業,-,-,-,10700,46460
女,其他服務業,-,-,-,10700,32046
女,服務業部門,-,-,-,10700,49493
女,金融及保險業,-,-,-,10700,85066
女,專業、科學及技術服務業,-,-,-,10700,51924
女,教育業,-,-,-,10700,24598
女,運輸及倉儲業,-,-,-,10700,50079
女,電力及燃氣供應業,-,-,-,10700,81471
女,製造業,-,-,-,10700,43295
女,營建工程業,-,-,-,10700,34213
女,醫療保健及社會工作服務業,-,-,-,10700,58185
女,藝術、娛樂及休閒服務業,-,-,-,10700,30354
女,礦業及土石採取業,-,-,-,10700,41535
總計,工業及服務業,-,-,-,10800,53457
總計,工業部門,-,-,-,10800,52865
總計,不動產業,-,-,-,10800,50431
總計,支援服務業,-,-,-,10800,37616
總計,出版、影音製作、傳播及資通訊服務業,-,-,-,10800,72144
總計,用水供應及污染整治業,-,-,-,10800,45830
總計,住宿及餐飲業,-,-,-,10800,34686
總計,批發及零售業,-,-,-,10800,51328
總計,其他服務業,-,-,-,10800,35594
總計,服務業部門,-,-,-,10800,53882
總計,金融及保險業,-,-,-,10800,93059
總計,專業、科學及技術服務業,-,-,-,10800,63534
總計,教育業,-,-,-,10800,30535
總計,運輸及倉儲業,-,-,-,10800,55588
總計,電力及燃氣供應業,-,-,-,10800,96137
總計,製造業,-,-,-,10800,53776
總計,營建工程業,-,-,-,10800,44833
總計,醫療保健及社會工作服務業,-,-,-,10800,64045
總計,藝術、娛樂及休閒服務業,-,-,-,10800,39520
總計,礦業及土石採取業,-,-,-,10800,57364
男,工業及服務業,-,-,-,10800,58176
男,工業部門,-,-,-,10800,58245
男,不動產業,-,-,-,10800,49790
男,支援服務業,-,-,-,10800,38340
男,出版、影音製作、傳播及資通訊服務業,-,-,-,10800,78621
男,用水供應及污染整治業,-,-,-,10800,45944
男,住宿及餐飲業,-,-,-,10800,36501
男,批發及零售業,-,-,-,10800,55415
男,其他服務業,-,-,-,10800,41041
男,服務業部門,-,-,-,10800,58107
男,金融及保險業,-,-,-,10800,99850
男,專業、科學及技術服務業,-,-,-,10800,69949
男,教育業,-,-,-,10800,28962
男,運輸及倉儲業,-,-,-,10800,57994
男,電力及燃氣供應業,-,-,-,10800,98567
男,製造業,-,-,-,10800,60434
男,營建工程業,-,-,-,10800,46744
男,醫療保健及社會工作服務業,-,-,-,10800,96829
男,藝術、娛樂及休閒服務業,-,-,-,10800,47252
男,礦業及土石採取業,-,-,-,10800,60556
女,工業及服務業,-,-,-,10800,48172
女,工業部門,-,-,-,10800,43681
女,不動產業,-,-,-,10800,51028
女,支援服務業,-,-,-,10800,36737
女,出版、影音製作、傳播及資通訊服務業,-,-,-,10800,65481
女,用水供應及污染整治業,-,-,-,10800,45450
女,住宿及餐飲業,-,-,-,10800,33265
女,批發及零售業,-,-,-,10800,47586
女,其他服務業,-,-,-,10800,32253
女,服務業部門,-,-,-,10800,50358
女,金融及保險業,-,-,-,10800,88812
女,專業、科學及技術服務業,-,-,-,10800,56156
女,教育業,-,-,-,10800,31016
女,運輸及倉儲業,-,-,-,10800,50789
女,電力及燃氣供應業,-,-,-,10800,83343
女,製造業,-,-,-,10800,44057
女,營建工程業,-,-,-,10800,35430
女,醫療保健及社會工作服務業,-,-,-,10800,55938
女,藝術、娛樂及休閒服務業,-,-,-,10800,31161
女,礦業及土石採取業,-,-,-,10800,44086
總計,工業及服務業,-,-,-,10900,54160
總計,工業部門,-,-,-,10900,53136
總計,不動產業,-,-,-,10900,54188
總計,支援服務業,-,-,-,10900,37757
總計,出版、影音製作、傳播及資通訊服務業,-,-,-,10900,74041
總計,用水供應及污染整治業,-,-,-,10900,45469
總計,住宿及餐飲業,-,-,-,10900,35018
總計,批發及零售業,-,-,-,10900,52281
總計,其他服務業,-,-,-,10900,36303
總計,服務業部門,-,-,-,10900,54893
總計,金融及保險業,-,-,-,10900,94473
總計,專業、科學及技術服務業,-,-,-,10900,64568
總計,教育業,-,-,-,10900,31014
總計,運輸及倉儲業,-,-,-,10900,55097
總計,電力及燃氣供應業,-,-,-,10900,94360
總計,製造業,-,-,-,10900,54004
總計,營建工程業,-,-,-,10900,45622
總計,醫療保健及社會工作服務業,-,-,-,10900,64223
總計,藝術、娛樂及休閒服務業,-,-,-,10900,40629
總計,礦業及土石採取業,-,-,-,10900,57054
男,工業及服務業,-,-,-,10900,58917
男,工業部門,-,-,-,10900,58470
男,不動產業,-,-,-,10900,54422
男,支援服務業,-,-,-,10900,38656
男,出版、影音製作、傳播及資通訊服務業,-,-,-,10900,80979
男,用水供應及污染整治業,-,-,-,10900,45739
男,住宿及餐飲業,-,-,-,10900,37135
男,批發及零售業,-,-,-,10900,56846
男,其他服務業,-,-,-,10900,41867
男,服務業部門,-,-,-,10900,59361
男,金融及保險業,-,-,-,10900,100451
男,專業、科學及技術服務業,-,-,-,10900,71878
男,教育業,-,-,-,10900,28939
男,運輸及倉儲業,-,-,-,10900,58058
男,電力及燃氣供應業,-,-,-,10900,96429
男,製造業,-,-,-,10900,60617
男,營建工程業,-,-,-,10900,47480
男,醫療保健及社會工作服務業,-,-,-,10900,94892
男,藝術、娛樂及休閒服務業,-,-,-,10900,48837
男,礦業及土石採取業,-,-,-,10900,60072
女,工業及服務業,-,-,-,10900,48807
女,工業部門,-,-,-,10900,43997
女,不動產業,-,-,-,10900,53972
女,支援服務業,-,-,-,10900,36608
女,出版、影音製作、傳播及資通訊服務業,-,-,-,10900,67109
女,用水供應及污染整治業,-,-,-,10900,44556
女,住宿及餐飲業,-,-,-,10900,33369
女,批發及零售業,-,-,-,10900,48043
女,其他服務業,-,-,-,10900,32834
女,服務業部門,-,-,-,10900,51144
女,金融及保險業,-,-,-,10900,90736
女,專業、科學及技術服務業,-,-,-,10900,55966
女,教育業,-,-,-,10900,31655
女,運輸及倉儲業,-,-,-,10900,49188
女,電力及燃氣供應業,-,-,-,10900,83749
女,製造業,-,-,-,10900,44330
女,營建工程業,-,-,-,10900,36574
女,醫療保健及社會工作服務業,-,-,-,10900,56545
女,藝術、娛樂及休閒服務業,-,-,-,10900,31823
女,礦業及土石採取業,-,-,-,10900,44554
總計,工業及服務業,-,-,-,11000,55792
總計,工業部門,-,-,-,11000,56298
總計,不動產業,-,-,-,11000,57330
總計,支援服務業,-,-,-,11000,38162
總計,出版、影音製作、傳播及資通訊服務業,-,-,-,11000,75588
總計,用水供應及污染整治業,-,-,-,11000,45228
總計,住宿及餐飲業,-,-,-,11000,35033
總計,批發及零售業,-,-,-,11000,51448
總計,其他服務業,-,-,-,11000,36011
總計,服務業部門,-,-,-,11000,55428
總計,金融及保險業,-,-,-,11000,98875
總計,專業、科學及技術服務業,-,-,-,11000,65478
總計,教育業,-,-,-,11000,31389
總計,運輸及倉儲業,-,-,-,11000,57579
總計,電力及燃氣供應業,-,-,-,11000,93625
總計,製造業,-,-,-,11000,57473
總計,營建工程業,-,-,-,11000,47468
總計,醫療保健及社會工作服務業,-,-,-,11000,64020
總計,藝術、娛樂及休閒服務業,-,-,-,11000,38650
總計,礦業及土石採取業,-,-,-,11000,56098
男,工業及服務業,-,-,-,11000,61150
男,工業部門,-,-,-,11000,62241
男,不動產業,-,-,-,11000,59249
男,支援服務業,-,-,-,11000,39064
男,出版、影音製作、傳播及資通訊服務業,-,-,-,11000,82823
男,用水供應及污染整治業,-,-,-,11000,45168
男,住宿及餐飲業,-,-,-,11000,37219
男,批發及零售業,-,-,-,11000,55972
男,其他服務業,-,-,-,11000,41391
男,服務業部門,-,-,-,11000,60060
男,金融及保險業,-,-,-,11000,105426
男,專業、科學及技術服務業,-,-,-,11000,72688
男,教育業,-,-,-,11000,29187
男,運輸及倉儲業,-,-,-,11000,60662
男,電力及燃氣供應業,-,-,-,11000,95521
男,製造業,-,-,-,11000,64990
男,營建工程業,-,-,-,11000,49319
男,醫療保健及社會工作服務業,-,-,-,11000,95318
男,藝術、娛樂及休閒服務業,-,-,-,11000,46253
男,礦業及土石採取業,-,-,-,11000,58861
女,工業及服務業,-,-,-,11000,49809
女,工業部門,-,-,-,11000,46198
女,不動產業,-,-,-,11000,55619
女,支援服務業,-,-,-,11000,37020
女,出版、影音製作、傳播及資通訊服務業,-,-,-,11000,68390
女,用水供應及污染整治業,-,-,-,11000,45434
女,住宿及餐飲業,-,-,-,11000,33340
女,批發及零售業,-,-,-,11000,47279
女,其他服務業,-,-,-,11000,32572
女,服務業部門,-,-,-,11000,51576
女,金融及保險業,-,-,-,11000,94758
女,專業、科學及技術服務業,-,-,-,11000,56929
女,教育業,-,-,-,11000,32064
女,運輸及倉儲業,-,-,-,11000,51528
女,電力及燃氣供應業,-,-,-,11000,84295
女,製造業,-,-,-,11000,46559
女,營建工程業,-,-,-,11000,38554
女,醫療保健及社會工作服務業,-,-,-,11000,56273
女,藝術、娛樂及休閒服務業,-,-,-,11000,30498
女,礦業及土石採取業,-,-,-,11000,45005
總計,工業及服務業,-,-,-,11100,57728
總計,工業部門,-,-,-,11100,58972
總計,不動產業,-,-,-,11100,57200
總計,支援服務業,-,-,-,11100,38528
總計,出版、影音製作、傳播及資通訊服務業,-,-,-,11100,79142
總計,用水供應及污染整治業,-,-,-,11100,45955
總計,住宿及餐飲業,-,-,-,11100,36099
總計,批發及零售業,-,-,-,11100,52038
總計,其他服務業,-,-,-,11100,37565
總計,服務業部門,-,-,-,11100,56832
總計,金融及保險業,-,-,-,11100,100390
總計,專業、科學及技術服務業,-,-,-,11100,67728
總計,教育業,-,-,-,11100,32236
總計,運輸及倉儲業,-,-,-,11100,62232
總計,電力及燃氣供應業,-,-,-,11100,95603
總計,製造業,-,-,-,11100,60451
總計,營建工程業,-,-,-,11100,48545
總計,醫療保健及社會工作服務業,-,-,-,11100,66543
總計,藝術、娛樂及休閒服務業,-,-,-,11100,39886
總計,礦業及土石採取業,-,-,-,11100,58625
男,工業及服務業,-,-,-,11100,63219
男,工業部門,-,-,-,11100,65300
男,不動產業,-,-,-,11100,57606
男,支援服務業,-,-,-,11100,39317
男,出版、影音製作、傳播及資通訊服務業,-,-,-,11100,85735
男,用水供應及污染整治業,-,-,-,11100,46230
男,住宿及餐飲業,-,-,-,11100,38248
男,批發及零售業,-,-,-,11100,55819
男,其他服務業,-,-,-,11100,42362
男,服務業部門,-,-,-,11100,61138
男,金融及保險業,-,-,-,11100,106843
男,專業、科學及技術服務業,-,-,-,11100,75030
男,教育業,-,-,-,11100,28877
男,運輸及倉儲業,-,-,-,11100,65184
男,電力及燃氣供應業,-,-,-,11100,97656
男,製造業,-,-,-,11100,68567
男,營建工程業,-,-,-,11100,50460
男,醫療保健及社會工作服務業,-,-,-,11100,98813
男,藝術、娛樂及休閒服務業,-,-,-,11100,47811
男,礦業及土石採取業,-,-,-,11100,61309
女,工業及服務業,-,-,-,11100,51636
女,工業部門,-,-,-,11100,48292
女,不動產業,-,-,-,11100,56856
女,支援服務業,-,-,-,11100,37545
女,出版、影音製作、傳播及資通訊服務業,-,-,-,11100,72517
女,用水供應及污染整治業,-,-,-,11100,45054
女,住宿及餐飲業,-,-,-,11100,34405
女,批發及零售業,-,-,-,11100,48594
女,其他服務業,-,-,-,11100,34404
女,服務業部門,-,-,-,11100,53273
女,金融及保險業,-,-,-,11100,96318
女,專業、科學及技術服務業,-,-,-,11100,58947
女,教育業,-,-,-,11100,33298
女,運輸及倉儲業,-,-,-,11100,56594
女,電力及燃氣供應業,-,-,-,11100,85877
女,製造業,-,-,-,11100,48760
女,營建工程業,-,-,-,11100,39360
女,醫療保健及社會工作服務業,-,-,-,11100,58517
女,藝術、娛樂及休閒服務業,-,-,-,11100,31191
女,礦業及土石採取業,-,-,-,11100,47603
